customer_id,country,customer_age,account_age_days
CUST_00001,France,68,1233
CUST_00002,Belgium,57,545
CUST_00003,Spain,24,204
CUST_00004,Netherlands,49,792
CUST_00005,Germany,65,1074
CUST_00006,Germany,36,1026
CUST_00007,Germany,23,1158
CUST_00008,Italy,37,607
CUST_00009,Spain,44,1496
CUST_00010,Spain,60,78
CUST_00011,Germany,54,557
CUST_00012,Belgium,65,174
CUST_00013,Italy,24,1393
CUST_00014,Germany,22,791
CUST_00015,Germany,28,1407
CUST_00016,Germany,32,1128
CUST_00017,France,20,958
CUST_00018,Netherlands,22,823
CUST_00019,France,40,348
CUST_00020,France,54,1140
CUST_00021,Spain,26,727
CUST_00022,Germany,32,876
CUST_00023,France,20,812
CUST_00024,France,46,71
CUST_00025,Netherlands,23,1146
CUST_00026,Italy,34,558
CUST_00027,Germany,43,1318
CUST_00028,Netherlands,38,321
CUST_00029,Netherlands,25,998
CUST_00030,Germany,38,126
CUST_00031,Spain,28,1148
CUST_00032,Germany,55,1379
CUST_00033,Germany,25,103
CUST_00034,Belgium,59,1389
CUST_00035,Belgium,41,1121
CUST_00036,Italy,52,787
CUST_00037,France,31,1130
CUST_00038,Germany,31,237
CUST_00039,Spain,27,1274
CUST_00040,France,29,1315
CUST_00041,Germany,55,439
CUST_00042,Netherlands,61,360
CUST_00043,Germany,63,373
CUST_00044,Belgium,51,1018
CUST_00045,France,58,800
CUST_00046,Spain,27,103
CUST_00047,France,34,283
CUST_00048,Netherlands,34,988
CUST_00049,Netherlands,20,849
CUST_00050,Germany,48,1015
CUST_00051,Belgium,68,361
CUST_00052,Italy,18,1451
CUST_00053,Belgium,29,1398
CUST_00054,Italy,56,776
CUST_00055,Netherlands,21,865
CUST_00056,Belgium,59,484
CUST_00057,Germany,30,1168
CUST_00058,Germany,51,342
CUST_00059,Germany,59,1047
CUST_00060,France,38,257
CUST_00061,France,39,863
CUST_00062,France,21,887
CUST_00063,Italy,35,1298
CUST_00064,France,22,847
CUST_00065,France,36,1047
CUST_00066,Netherlands,19,557
CUST_00067,Germany,29,979
CUST_00068,Italy,34,456
CUST_00069,Germany,27,71
CUST_00070,Belgium,51,494
CUST_00071,Italy,23,307
CUST_00072,Germany,25,865
CUST_00073,Germany,68,48
CUST_00074,Italy,28,95
CUST_00075,Spain,29,196
CUST_00076,Spain,26,1049
CUST_00077,Italy,19,432
CUST_00078,Germany,25,438
CUST_00079,France,28,141
CUST_00080,Germany,53,1327
CUST_00081,Italy,27,1460
CUST_00082,Spain,38,1426
CUST_00083,France,37,626
CUST_00084,Germany,65,680
CUST_00085,France,25,1092
CUST_00086,France,53,134
CUST_00087,Spain,46,353
CUST_00088,Spain,59,1021
CUST_00089,Italy,29,1467
CUST_00090,Netherlands,31,458
CUST_00091,Germany,65,664
CUST_00092,Spain,67,759
CUST_00093,Italy,38,918
CUST_00094,Netherlands,39,1114
CUST_00095,Italy,38,1360
CUST_00096,Netherlands,61,1407
CUST_00097,Netherlands,67,422
CUST_00098,France,47,233
CUST_00099,Germany,56,287
CUST_00100,Germany,37,515
CUST_00101,Germany,41,475
CUST_00102,Spain,40,1233
CUST_00103,France,24,1053
CUST_00104,Netherlands,26,371
CUST_00105,Belgium,18,162
CUST_00106,Germany,43,472
CUST_00107,France,55,282
CUST_00108,Italy,55,294
CUST_00109,Germany,61,122
CUST_00110,Germany,39,1464
CUST_00111,France,61,167
CUST_00112,Germany,27,1261
CUST_00113,Belgium,23,1031
CUST_00114,Italy,34,336
CUST_00115,Spain,68,295
CUST_00116,Italy,67,675
CUST_00117,Italy,55,347
CUST_00118,Germany,41,1166
CUST_00119,Italy,68,930
CUST_00120,Netherlands,27,1431
CUST_00121,Italy,25,483
CUST_00122,Italy,38,220
CUST_00123,France,23,1493
CUST_00124,Germany,38,1240
CUST_00125,Germany,56,860
CUST_00126,France,41,1420
CUST_00127,Italy,50,1142
CUST_00128,Italy,35,216
CUST_00129,Germany,45,848
CUST_00130,Netherlands,69,1050
CUST_00131,France,49,161
CUST_00132,Germany,29,901
CUST_00133,Germany,65,664
CUST_00134,France,59,1429
CUST_00135,Belgium,44,720
CUST_00136,France,27,721
CUST_00137,Netherlands,63,1152
CUST_00138,Spain,69,1087
CUST_00139,France,59,611
CUST_00140,Belgium,49,200
CUST_00141,Belgium,59,1419
CUST_00142,France,43,813
CUST_00143,Netherlands,42,1112
CUST_00144,France,28,210
CUST_00145,France,40,48
CUST_00146,Germany,51,1279
CUST_00147,Spain,69,1148
CUST_00148,Netherlands,57,910
CUST_00149,Germany,40,1350
CUST_00150,France,46,204
CUST_00151,Belgium,48,1275
CUST_00152,Germany,24,83
CUST_00153,Germany,57,724
CUST_00154,Netherlands,50,892
CUST_00155,Belgium,38,1456
CUST_00156,Germany,19,1371
CUST_00157,Spain,35,378
CUST_00158,Italy,64,472
CUST_00159,Germany,50,862
CUST_00160,Spain,54,609
CUST_00161,France,51,311
CUST_00162,Spain,37,389
CUST_00163,Spain,52,944
CUST_00164,Netherlands,68,852
CUST_00165,Germany,67,921
CUST_00166,Italy,35,982
CUST_00167,France,63,670
CUST_00168,Germany,41,1061
CUST_00169,Germany,25,592
CUST_00170,Netherlands,47,520
CUST_00171,Spain,61,370
CUST_00172,Germany,27,501
CUST_00173,Netherlands,40,278
CUST_00174,Germany,69,264
CUST_00175,Spain,66,1136
CUST_00176,Germany,28,1146
CUST_00177,Spain,19,1447
CUST_00178,France,43,853
CUST_00179,Belgium,53,1321
CUST_00180,Germany,50,1470
CUST_00181,France,64,661
CUST_00182,Germany,30,558
CUST_00183,Belgium,57,1306
CUST_00184,Italy,42,151
CUST_00185,France,21,921
CUST_00186,Spain,59,39
CUST_00187,Italy,36,1369
CUST_00188,Netherlands,35,867
CUST_00189,Netherlands,54,1326
CUST_00190,Germany,47,1359
CUST_00191,Germany,36,1263
CUST_00192,Italy,40,782
CUST_00193,Belgium,33,915
CUST_00194,Spain,18,493
CUST_00195,France,29,741
CUST_00196,France,41,757
CUST_00197,Spain,51,746
CUST_00198,Italy,25,1469
CUST_00199,Italy,35,1269
CUST_00200,Italy,65,109
CUST_00201,Spain,22,509
CUST_00202,Germany,43,931
CUST_00203,Germany,47,920
CUST_00204,Italy,30,47
CUST_00205,Spain,36,1218
CUST_00206,Germany,46,231
CUST_00207,Germany,20,770
CUST_00208,Spain,43,1399
CUST_00209,Germany,57,1419
CUST_00210,Germany,29,348
CUST_00211,Netherlands,19,246
CUST_00212,Spain,28,1087
CUST_00213,Spain,61,295
CUST_00214,Germany,45,753
CUST_00215,Spain,35,804
CUST_00216,Germany,30,1133
CUST_00217,France,54,442
CUST_00218,Spain,39,1305
CUST_00219,Spain,29,1065
CUST_00220,Italy,19,430
CUST_00221,Spain,54,753
CUST_00222,Netherlands,24,311
CUST_00223,Germany,43,1165
CUST_00224,France,43,752
CUST_00225,France,41,1431
CUST_00226,Germany,29,780
CUST_00227,Belgium,33,297
CUST_00228,France,40,327
CUST_00229,Italy,57,1370
CUST_00230,Spain,26,599
CUST_00231,Italy,49,538
CUST_00232,Netherlands,32,575
CUST_00233,Netherlands,54,804
CUST_00234,Netherlands,30,394
CUST_00235,Germany,22,576
CUST_00236,Spain,28,300
CUST_00237,France,27,768
CUST_00238,Germany,69,566
CUST_00239,Spain,30,1287
CUST_00240,Germany,58,88
CUST_00241,Belgium,63,1304
CUST_00242,Belgium,67,115
CUST_00243,Belgium,32,792
CUST_00244,France,59,419
CUST_00245,Germany,24,1233
CUST_00246,Belgium,57,748
CUST_00247,France,45,885
CUST_00248,Belgium,49,178
CUST_00249,Belgium,52,612
CUST_00250,Italy,32,150
CUST_00251,France,65,794
CUST_00252,France,53,634
CUST_00253,Italy,38,285
CUST_00254,France,23,795
CUST_00255,Germany,18,893
CUST_00256,Netherlands,21,829
CUST_00257,Belgium,28,1362
CUST_00258,Spain,61,88
CUST_00259,Netherlands,43,1051
CUST_00260,Germany,54,1122
CUST_00261,Spain,40,1499
CUST_00262,Belgium,46,417
CUST_00263,Germany,38,1139
CUST_00264,Netherlands,65,815
CUST_00265,Italy,62,1280
CUST_00266,Spain,62,622
CUST_00267,Spain,66,1237
CUST_00268,Spain,44,1375
CUST_00269,France,56,938
CUST_00270,France,57,1371
CUST_00271,Italy,30,595
CUST_00272,Italy,40,428
CUST_00273,Italy,33,928
CUST_00274,Belgium,47,1346
CUST_00275,Netherlands,21,322
CUST_00276,Netherlands,57,514
CUST_00277,Italy,33,832
CUST_00278,Spain,48,1465
CUST_00279,Spain,59,919
CUST_00280,Italy,42,273
CUST_00281,Italy,61,1473
CUST_00282,France,29,989
CUST_00283,France,43,1207
CUST_00284,Germany,54,845
CUST_00285,Netherlands,65,1477
CUST_00286,Germany,50,302
CUST_00287,Netherlands,45,549
CUST_00288,Netherlands,26,1181
CUST_00289,France,29,1426
CUST_00290,Netherlands,22,597
CUST_00291,Germany,69,667
CUST_00292,Germany,45,188
CUST_00293,Italy,52,681
CUST_00294,France,22,205
CUST_00295,Germany,51,649
CUST_00296,Netherlands,63,240
CUST_00297,Italy,51,476
CUST_00298,Germany,30,615
CUST_00299,Spain,56,196
CUST_00300,Germany,59,489
CUST_00301,Germany,62,945
CUST_00302,Netherlands,65,1410
CUST_00303,Netherlands,31,1357
CUST_00304,Spain,28,1286
CUST_00305,Spain,59,1380
CUST_00306,Belgium,55,1235
CUST_00307,Netherlands,21,1387
CUST_00308,France,50,1082
CUST_00309,Italy,24,743
CUST_00310,France,58,1146
CUST_00311,France,25,870
CUST_00312,Germany,54,897
CUST_00313,Germany,68,717
CUST_00314,Belgium,27,359
CUST_00315,Italy,60,1237
CUST_00316,Spain,32,124
CUST_00317,France,55,814
CUST_00318,Germany,32,678
CUST_00319,Germany,22,382
CUST_00320,France,46,959
CUST_00321,Netherlands,36,970
CUST_00322,Spain,68,1013
CUST_00323,Spain,27,1318
CUST_00324,France,29,1072
CUST_00325,Belgium,21,675
CUST_00326,Spain,48,655
CUST_00327,Netherlands,35,168
CUST_00328,Spain,33,745
CUST_00329,France,57,791
CUST_00330,Germany,53,284
CUST_00331,France,42,1138
CUST_00332,Italy,40,705
CUST_00333,Germany,29,121
CUST_00334,Germany,51,1122
CUST_00335,Germany,53,66
CUST_00336,Germany,54,169
CUST_00337,Italy,20,896
CUST_00338,Spain,26,709
CUST_00339,Netherlands,35,1231
CUST_00340,Germany,60,166
CUST_00341,Netherlands,52,219
CUST_00342,Netherlands,51,371
CUST_00343,Germany,58,1058
CUST_00344,France,31,1001
CUST_00345,France,21,1310
CUST_00346,Spain,46,691
CUST_00347,Spain,58,272
CUST_00348,Germany,62,444
CUST_00349,France,67,736
CUST_00350,Spain,32,372
CUST_00351,Netherlands,45,711
CUST_00352,Italy,59,1432
CUST_00353,Spain,33,682
CUST_00354,Germany,29,175
CUST_00355,Germany,69,352
CUST_00356,Spain,22,151
CUST_00357,Germany,51,1305
CUST_00358,Netherlands,59,340
CUST_00359,Belgium,18,630
CUST_00360,Netherlands,56,504
CUST_00361,France,49,599
CUST_00362,Spain,43,604
CUST_00363,Netherlands,34,376
CUST_00364,Netherlands,65,849
CUST_00365,Belgium,44,411
CUST_00366,France,41,1333
CUST_00367,Belgium,52,101
CUST_00368,Belgium,63,550
CUST_00369,Germany,59,1419
CUST_00370,Germany,56,962
CUST_00371,Germany,43,1147
CUST_00372,Germany,66,1426
CUST_00373,Germany,55,368
CUST_00374,Spain,40,1490
CUST_00375,Germany,39,1389
CUST_00376,France,21,693
CUST_00377,Italy,66,69
CUST_00378,Germany,26,1412
CUST_00379,Italy,21,603
CUST_00380,France,24,1307
CUST_00381,Germany,40,995
CUST_00382,Spain,19,610
CUST_00383,Spain,66,1451
CUST_00384,Italy,41,199
CUST_00385,Spain,57,730
CUST_00386,Italy,48,540
CUST_00387,France,64,1313
CUST_00388,Germany,48,613
CUST_00389,Italy,64,1013
CUST_00390,Italy,57,488
CUST_00391,Belgium,65,558
CUST_00392,France,68,370
CUST_00393,France,60,86
CUST_00394,Italy,51,247
CUST_00395,France,41,648
CUST_00396,Belgium,66,845
CUST_00397,Italy,43,760
CUST_00398,France,33,493
CUST_00399,Italy,64,276
CUST_00400,Italy,30,759
CUST_00401,Germany,32,402
CUST_00402,Belgium,44,446
CUST_00403,Netherlands,21,1084
CUST_00404,Italy,33,397
CUST_00405,France,47,588
CUST_00406,Italy,61,137
CUST_00407,France,47,613
CUST_00408,Germany,53,868
CUST_00409,Belgium,20,447
CUST_00410,Germany,39,850
CUST_00411,France,66,1451
CUST_00412,Belgium,39,1325
CUST_00413,Belgium,67,712
CUST_00414,Netherlands,67,1169
CUST_00415,Spain,66,285
CUST_00416,France,29,1134
CUST_00417,France,38,809
CUST_00418,France,21,1181
CUST_00419,Spain,48,867
CUST_00420,Italy,61,944
CUST_00421,Italy,48,264
CUST_00422,Italy,40,582
CUST_00423,Germany,37,210
CUST_00424,Netherlands,32,186
CUST_00425,Germany,40,600
CUST_00426,Netherlands,45,886
CUST_00427,France,33,1077
CUST_00428,Italy,54,1453
CUST_00429,France,38,977
CUST_00430,Germany,32,621
CUST_00431,Germany,34,163
CUST_00432,Italy,67,450
CUST_00433,Spain,54,242
CUST_00434,Germany,30,929
CUST_00435,Germany,36,511
CUST_00436,Spain,47,377
CUST_00437,Germany,62,195
CUST_00438,Italy,35,966
CUST_00439,Spain,31,377
CUST_00440,Germany,53,878
CUST_00441,Germany,53,427
CUST_00442,Belgium,37,612
CUST_00443,France,69,755
CUST_00444,France,36,1488
CUST_00445,Italy,62,1274
CUST_00446,Belgium,61,337
CUST_00447,Belgium,24,1020
CUST_00448,Italy,61,827
CUST_00449,France,21,748
CUST_00450,Germany,51,495
CUST_00451,Italy,19,128
CUST_00452,Netherlands,22,1295
CUST_00453,France,27,187
CUST_00454,Belgium,49,639
CUST_00455,Germany,59,583
CUST_00456,Netherlands,58,680
CUST_00457,Germany,30,949
CUST_00458,Netherlands,56,256
CUST_00459,Germany,22,452
CUST_00460,Germany,27,1125
CUST_00461,Germany,27,272
CUST_00462,Spain,55,559
CUST_00463,Spain,44,1098
CUST_00464,Netherlands,68,400
CUST_00465,Belgium,38,681
CUST_00466,France,25,718
CUST_00467,France,18,763
CUST_00468,Italy,45,121
CUST_00469,Germany,66,1075
CUST_00470,Belgium,56,201
CUST_00471,Germany,31,1245
CUST_00472,Belgium,38,1130
CUST_00473,Germany,47,1334
CUST_00474,Italy,38,1417
CUST_00475,Netherlands,66,208
CUST_00476,Belgium,26,267
CUST_00477,Germany,34,1188
CUST_00478,Netherlands,22,906
CUST_00479,Belgium,48,931
CUST_00480,Netherlands,69,309
CUST_00481,Spain,57,1072
CUST_00482,Spain,55,769
CUST_00483,Netherlands,60,400
CUST_00484,Spain,36,1165
CUST_00485,Netherlands,53,899
CUST_00486,Belgium,67,1048
CUST_00487,Germany,50,250
CUST_00488,France,30,949
CUST_00489,Belgium,31,333
CUST_00490,Italy,50,1378
CUST_00491,Netherlands,46,1490
CUST_00492,Spain,60,467
CUST_00493,France,66,1223
CUST_00494,Germany,53,404
CUST_00495,Netherlands,61,410
CUST_00496,France,27,1015
CUST_00497,Netherlands,48,43
CUST_00498,Germany,23,772
CUST_00499,Belgium,18,698
CUST_00500,Belgium,24,529
CUST_00501,Spain,44,1444
CUST_00502,Netherlands,38,594
CUST_00503,France,45,559
CUST_00504,Italy,33,521
CUST_00505,Spain,63,1438
CUST_00506,Germany,40,1249
CUST_00507,Belgium,69,784
CUST_00508,Italy,37,329
CUST_00509,Belgium,55,844
CUST_00510,Spain,42,576
CUST_00511,Spain,45,756
CUST_00512,France,22,760
CUST_00513,Belgium,38,857
CUST_00514,Italy,35,631
CUST_00515,Germany,64,1361
CUST_00516,Germany,23,1305
CUST_00517,France,46,1061
CUST_00518,Italy,36,797
CUST_00519,Belgium,50,904
CUST_00520,Germany,18,1261
CUST_00521,Netherlands,62,966
CUST_00522,France,20,160
CUST_00523,Belgium,59,637
CUST_00524,Italy,38,55
CUST_00525,Italy,52,664
CUST_00526,Netherlands,58,1239
CUST_00527,France,57,513
CUST_00528,France,20,709
CUST_00529,Germany,42,1104
CUST_00530,Italy,62,34
CUST_00531,Italy,55,618
CUST_00532,Belgium,62,1213
CUST_00533,Belgium,37,237
CUST_00534,Netherlands,69,286
CUST_00535,Italy,61,1258
CUST_00536,Belgium,62,40
CUST_00537,Italy,51,978
CUST_00538,Germany,38,37
CUST_00539,Netherlands,65,1462
CUST_00540,Germany,40,965
CUST_00541,Belgium,23,61
CUST_00542,Spain,68,569
CUST_00543,Germany,30,1034
CUST_00544,Spain,66,416
CUST_00545,Spain,40,1281
CUST_00546,France,26,669
CUST_00547,Germany,34,236
CUST_00548,Spain,19,1371
CUST_00549,Netherlands,36,586
CUST_00550,Italy,36,377
CUST_00551,Netherlands,24,822
CUST_00552,Italy,59,263
CUST_00553,Netherlands,59,1097
CUST_00554,Netherlands,37,1035
CUST_00555,Italy,26,766
CUST_00556,France,34,971
CUST_00557,Germany,44,1195
CUST_00558,Germany,64,205
CUST_00559,Italy,19,478
CUST_00560,Spain,53,621
CUST_00561,Spain,36,111
CUST_00562,Germany,34,164
CUST_00563,Germany,22,885
CUST_00564,Germany,56,1230
CUST_00565,France,35,1436
CUST_00566,Netherlands,24,1296
CUST_00567,France,34,1194
CUST_00568,France,56,469
CUST_00569,Belgium,53,1109
CUST_00570,France,57,726
CUST_00571,Netherlands,62,448
CUST_00572,Italy,21,117
CUST_00573,France,55,685
CUST_00574,Spain,42,1061
CUST_00575,Italy,22,244
CUST_00576,Belgium,47,581
CUST_00577,Germany,29,532
CUST_00578,Belgium,21,728
CUST_00579,Netherlands,41,274
CUST_00580,France,46,338
CUST_00581,Netherlands,26,260
CUST_00582,Belgium,21,1436
CUST_00583,Netherlands,68,184
CUST_00584,France,41,1228
CUST_00585,Spain,31,877
CUST_00586,Germany,22,144
CUST_00587,Germany,35,1443
CUST_00588,Germany,59,340
CUST_00589,Germany,36,1022
CUST_00590,Germany,29,329
CUST_00591,Germany,35,1071
CUST_00592,Spain,34,813
CUST_00593,Germany,47,41
CUST_00594,France,41,1457
CUST_00595,Italy,28,261
CUST_00596,Netherlands,52,984
CUST_00597,Spain,40,759
CUST_00598,Germany,34,1331
CUST_00599,Germany,18,1406
CUST_00600,Germany,32,1047
CUST_00601,Germany,49,1028
CUST_00602,France,26,332
CUST_00603,Germany,32,570
CUST_00604,Germany,45,499
CUST_00605,Germany,41,842
CUST_00606,Netherlands,52,106
CUST_00607,Germany,39,1049
CUST_00608,France,44,53
CUST_00609,Netherlands,36,1068
CUST_00610,Spain,62,705
CUST_00611,Germany,29,554
CUST_00612,Italy,37,376
CUST_00613,Spain,18,201
CUST_00614,Germany,38,1380
CUST_00615,Italy,66,741
CUST_00616,Belgium,62,518
CUST_00617,Germany,18,407
CUST_00618,France,27,1217
CUST_00619,Italy,64,401
CUST_00620,Spain,49,1029
CUST_00621,Germany,56,1006
CUST_00622,Germany,39,1477
CUST_00623,France,35,786
CUST_00624,Netherlands,65,506
CUST_00625,Spain,63,411
CUST_00626,France,49,184
CUST_00627,Netherlands,44,286
CUST_00628,Spain,45,703
CUST_00629,Germany,35,97
CUST_00630,France,56,373
CUST_00631,Spain,66,1330
CUST_00632,Italy,46,702
CUST_00633,Netherlands,35,420
CUST_00634,Netherlands,61,288
CUST_00635,Germany,25,336
CUST_00636,France,48,1148
CUST_00637,Netherlands,51,979
CUST_00638,Germany,24,999
CUST_00639,France,53,275
CUST_00640,France,35,762
CUST_00641,Germany,55,216
CUST_00642,France,26,954
CUST_00643,Germany,26,814
CUST_00644,France,63,1426
CUST_00645,Germany,25,1459
CUST_00646,Italy,68,437
CUST_00647,Netherlands,52,1178
CUST_00648,Spain,35,1390
CUST_00649,Italy,22,370
CUST_00650,Netherlands,31,592
CUST_00651,Germany,45,1231
CUST_00652,Netherlands,47,680
CUST_00653,Netherlands,21,981
CUST_00654,Spain,56,1223
CUST_00655,France,37,1092
CUST_00656,Germany,42,98
CUST_00657,France,45,1289
CUST_00658,France,29,410
CUST_00659,Spain,19,86
CUST_00660,Netherlands,60,1330
CUST_00661,France,31,879
CUST_00662,Belgium,39,1152
CUST_00663,Spain,48,945
CUST_00664,Germany,40,354
CUST_00665,Germany,65,490
CUST_00666,Germany,37,208
CUST_00667,Germany,55,873
CUST_00668,Germany,21,603
CUST_00669,Germany,32,148
CUST_00670,France,41,578
CUST_00671,Germany,42,675
CUST_00672,Italy,18,55
CUST_00673,Germany,24,1061
CUST_00674,Netherlands,48,998
CUST_00675,France,29,562
CUST_00676,Belgium,59,178
CUST_00677,Germany,22,1078
CUST_00678,France,61,684
CUST_00679,Belgium,67,974
CUST_00680,Italy,59,584
CUST_00681,Italy,55,454
CUST_00682,France,29,322
CUST_00683,Germany,56,1238
CUST_00684,Spain,35,583
CUST_00685,Belgium,19,460
CUST_00686,Netherlands,27,633
CUST_00687,Netherlands,32,346
CUST_00688,France,47,427
CUST_00689,Italy,61,1377
CUST_00690,Germany,34,625
CUST_00691,France,21,575
CUST_00692,France,24,105
CUST_00693,Netherlands,58,894
CUST_00694,Germany,48,945
CUST_00695,Germany,68,738
CUST_00696,Spain,56,515
CUST_00697,France,51,1141
CUST_00698,Netherlands,23,776
CUST_00699,Germany,67,1285
CUST_00700,Netherlands,55,1060
CUST_00701,Netherlands,62,579
CUST_00702,Germany,68,1005
CUST_00703,France,51,1105
CUST_00704,Germany,61,971
CUST_00705,Germany,32,948
CUST_00706,Belgium,31,1449
CUST_00707,France,23,1274
CUST_00708,Italy,67,1481
CUST_00709,France,54,1196
CUST_00710,Spain,67,392
CUST_00711,Italy,49,411
CUST_00712,Netherlands,20,1330
CUST_00713,Netherlands,20,300
CUST_00714,France,39,1067
CUST_00715,France,39,327
CUST_00716,Belgium,27,1033
CUST_00717,Italy,68,263
CUST_00718,Belgium,20,604
CUST_00719,Germany,29,56
CUST_00720,Spain,46,122
CUST_00721,Belgium,65,646
CUST_00722,Germany,34,338
CUST_00723,Germany,24,81
CUST_00724,Spain,30,348
CUST_00725,Netherlands,19,210
CUST_00726,Italy,21,1173
CUST_00727,Germany,27,904
CUST_00728,Italy,56,1096
CUST_00729,Germany,41,676
CUST_00730,Germany,34,1313
CUST_00731,Germany,69,226
CUST_00732,Italy,23,674
CUST_00733,Spain,36,1000
CUST_00734,Netherlands,22,284
CUST_00735,France,49,761
CUST_00736,Italy,27,365
CUST_00737,France,26,1019
CUST_00738,Italy,44,929
CUST_00739,France,30,1308
CUST_00740,France,36,543
CUST_00741,Netherlands,38,271
CUST_00742,France,41,178
CUST_00743,Spain,55,1352
CUST_00744,Netherlands,21,786
CUST_00745,Germany,41,649
CUST_00746,Italy,52,482
CUST_00747,France,20,1446
CUST_00748,Netherlands,21,241
CUST_00749,Belgium,54,697
CUST_00750,Spain,57,623
CUST_00751,Germany,65,160
CUST_00752,Belgium,52,1382
CUST_00753,Spain,48,641
CUST_00754,France,61,285
CUST_00755,Germany,42,590
CUST_00756,Italy,57,92
CUST_00757,Spain,30,1364
CUST_00758,Netherlands,21,436
CUST_00759,Italy,63,831
CUST_00760,Italy,31,1158
CUST_00761,Germany,30,44
CUST_00762,France,44,288
CUST_00763,Germany,23,752
CUST_00764,Spain,34,1465
CUST_00765,Germany,53,1312
CUST_00766,Netherlands,57,643
CUST_00767,Italy,66,1313
CUST_00768,Italy,52,1098
CUST_00769,France,34,842
CUST_00770,Italy,58,360
CUST_00771,Germany,19,194
CUST_00772,Italy,30,1246
CUST_00773,Germany,69,1454
CUST_00774,France,19,1427
CUST_00775,Italy,69,1118
CUST_00776,Germany,45,416
CUST_00777,Germany,60,1468
CUST_00778,Spain,43,1083
CUST_00779,Spain,39,1319
CUST_00780,Spain,64,357
CUST_00781,Spain,60,1270
CUST_00782,Netherlands,20,349
CUST_00783,France,52,428
CUST_00784,France,29,134
CUST_00785,Germany,41,725
CUST_00786,Belgium,22,1046
CUST_00787,Netherlands,37,359
CUST_00788,France,56,689
CUST_00789,Netherlands,56,1100
CUST_00790,Belgium,30,628
CUST_00791,Germany,58,850
CUST_00792,Netherlands,62,670
CUST_00793,Netherlands,29,343
CUST_00794,Spain,30,1200
CUST_00795,Germany,27,491
CUST_00796,Italy,50,515
CUST_00797,Belgium,57,439
CUST_00798,Netherlands,33,56
CUST_00799,Spain,62,1082
CUST_00800,Belgium,52,300
CUST_00801,Spain,20,715
CUST_00802,Germany,22,530
CUST_00803,Netherlands,43,1306
CUST_00804,Spain,28,414
CUST_00805,France,24,89
CUST_00806,Spain,27,1160
CUST_00807,Belgium,59,249
CUST_00808,Belgium,69,1494
CUST_00809,Netherlands,51,800
CUST_00810,Germany,20,593
CUST_00811,Belgium,25,575
CUST_00812,Italy,48,125
CUST_00813,Germany,28,1018
CUST_00814,Belgium,62,1142
CUST_00815,Italy,24,857
CUST_00816,Netherlands,62,260
CUST_00817,Netherlands,19,997
CUST_00818,France,23,304
CUST_00819,Germany,58,275
CUST_00820,France,49,140
CUST_00821,Italy,37,263
CUST_00822,Germany,51,1331
CUST_00823,France,67,446
CUST_00824,France,33,707
CUST_00825,Netherlands,42,1181
CUST_00826,Belgium,29,1290
CUST_00827,France,24,832
CUST_00828,France,56,648
CUST_00829,Spain,34,1181
CUST_00830,Netherlands,62,736
CUST_00831,Germany,28,880
CUST_00832,Netherlands,23,1447
CUST_00833,Germany,40,504
CUST_00834,Germany,44,684
CUST_00835,Netherlands,63,424
CUST_00836,France,23,140
CUST_00837,Belgium,55,119
CUST_00838,France,19,792
CUST_00839,Netherlands,39,1333
CUST_00840,Spain,37,1386
CUST_00841,Germany,42,1277
CUST_00842,Spain,32,1154
CUST_00843,Germany,66,161
CUST_00844,Belgium,46,1066
CUST_00845,Germany,25,486
CUST_00846,France,54,1494
CUST_00847,Germany,66,127
CUST_00848,Belgium,69,1173
CUST_00849,Netherlands,50,322
CUST_00850,Netherlands,39,1054
CUST_00851,Germany,67,601
CUST_00852,Spain,64,279
CUST_00853,Germany,22,681
CUST_00854,Italy,56,178
CUST_00855,Germany,35,1448
CUST_00856,Germany,55,73
CUST_00857,Germany,54,1097
CUST_00858,Netherlands,47,1131
CUST_00859,Netherlands,68,1279
CUST_00860,Germany,48,191
CUST_00861,Italy,27,282
CUST_00862,Netherlands,32,161
CUST_00863,Netherlands,59,503
CUST_00864,France,65,1162
CUST_00865,France,61,735
CUST_00866,Netherlands,35,1088
CUST_00867,Germany,40,304
CUST_00868,Germany,50,216
CUST_00869,Italy,33,978
CUST_00870,Belgium,55,272
CUST_00871,France,52,293
CUST_00872,France,51,551
CUST_00873,Spain,45,992
CUST_00874,France,19,812
CUST_00875,Germany,47,1140
CUST_00876,Germany,30,564
CUST_00877,Spain,58,239
CUST_00878,Spain,33,75
CUST_00879,Germany,22,55
CUST_00880,Germany,45,1319
CUST_00881,Germany,56,204
CUST_00882,Spain,62,1364
CUST_00883,Germany,37,351
CUST_00884,Germany,41,1188
CUST_00885,Italy,44,84
CUST_00886,Germany,47,1209
CUST_00887,Spain,62,697
CUST_00888,Germany,44,176
CUST_00889,Germany,43,628
CUST_00890,Germany,24,49
CUST_00891,Spain,59,1322
CUST_00892,Italy,64,362
CUST_00893,Italy,55,936
CUST_00894,France,22,973
CUST_00895,Spain,40,940
CUST_00896,Germany,45,430
CUST_00897,France,51,979
CUST_00898,Italy,32,1359
CUST_00899,Germany,49,57
CUST_00900,Germany,43,496
CUST_00901,Germany,65,1313
CUST_00902,Germany,48,1011
CUST_00903,Germany,36,130
CUST_00904,Netherlands,26,580
CUST_00905,France,46,831
CUST_00906,Italy,68,382
CUST_00907,Italy,56,1353
CUST_00908,France,21,325
CUST_00909,France,20,382
CUST_00910,France,46,937
CUST_00911,Netherlands,69,1183
CUST_00912,France,28,1048
CUST_00913,Spain,50,1209
CUST_00914,France,55,1127
CUST_00915,Netherlands,28,1395
CUST_00916,France,44,1143
CUST_00917,France,50,484
CUST_00918,Belgium,38,741
CUST_00919,Italy,56,1009
CUST_00920,Germany,48,1385
CUST_00921,Italy,55,768
CUST_00922,Netherlands,63,1006
CUST_00923,Italy,19,1401
CUST_00924,Italy,44,262
CUST_00925,France,53,1053
CUST_00926,Germany,28,131
CUST_00927,France,64,982
CUST_00928,Netherlands,35,510
CUST_00929,Spain,18,1267
CUST_00930,France,52,137
CUST_00931,Germany,52,1218
CUST_00932,Italy,48,1002
CUST_00933,Belgium,45,733
CUST_00934,Netherlands,56,364
CUST_00935,Germany,18,115
CUST_00936,France,42,763
CUST_00937,Germany,60,904
CUST_00938,Belgium,55,1477
CUST_00939,Germany,37,393
CUST_00940,Netherlands,20,89
CUST_00941,France,68,1303
CUST_00942,Netherlands,19,589
CUST_00943,Spain,35,146
CUST_00944,Italy,61,903
CUST_00945,Germany,27,944
CUST_00946,Germany,22,997
CUST_00947,Germany,26,1028
CUST_00948,Belgium,19,73
CUST_00949,Italy,51,538
CUST_00950,Netherlands,55,1218
CUST_00951,Spain,48,1421
CUST_00952,Spain,27,1345
CUST_00953,Germany,67,878
CUST_00954,Belgium,29,946
CUST_00955,France,53,927
CUST_00956,France,38,828
CUST_00957,Netherlands,66,905
CUST_00958,Germany,64,315
CUST_00959,Germany,23,1257
CUST_00960,Spain,65,713
CUST_00961,Germany,66,848
CUST_00962,Spain,20,150
CUST_00963,Germany,27,974
CUST_00964,France,22,1047
CUST_00965,France,63,1241
CUST_00966,France,43,936
CUST_00967,Spain,38,42
CUST_00968,France,62,632
CUST_00969,Netherlands,43,229
CUST_00970,Netherlands,55,615
CUST_00971,Spain,61,477
CUST_00972,Belgium,43,870
CUST_00973,Spain,25,1124
CUST_00974,Germany,22,619
CUST_00975,Germany,32,1183
CUST_00976,France,33,918
CUST_00977,Netherlands,18,72
CUST_00978,Germany,33,549
CUST_00979,Netherlands,54,1066
CUST_00980,Netherlands,20,754
CUST_00981,France,69,652
CUST_00982,Italy,64,1017
CUST_00983,Germany,48,832
CUST_00984,Germany,30,564
CUST_00985,Spain,33,331
CUST_00986,Netherlands,60,556
CUST_00987,Spain,38,1168
CUST_00988,France,19,489
CUST_00989,Germany,44,861
CUST_00990,Italy,55,534
CUST_00991,Italy,43,1361
CUST_00992,Spain,55,961
CUST_00993,France,63,354
CUST_00994,Netherlands,42,608
CUST_00995,France,28,790
CUST_00996,Germany,25,1228
CUST_00997,Belgium,25,880
CUST_00998,Germany,50,1225
CUST_00999,Belgium,24,989
CUST_01000,France,55,531
CUST_01001,Germany,38,363
CUST_01002,Netherlands,25,313
CUST_01003,Italy,68,504
CUST_01004,Spain,38,1107
CUST_01005,Italy,37,1473
CUST_01006,Spain,25,661
CUST_01007,Spain,63,732
CUST_01008,Italy,48,438
CUST_01009,Germany,67,1011
CUST_01010,Netherlands,46,1357
CUST_01011,Germany,65,588
CUST_01012,Belgium,26,251
CUST_01013,Belgium,32,187
CUST_01014,Germany,47,377
CUST_01015,Spain,43,1212
CUST_01016,Belgium,27,918
CUST_01017,Germany,46,951
CUST_01018,Netherlands,33,1288
CUST_01019,Belgium,53,691
CUST_01020,Germany,37,434
CUST_01021,Spain,62,1310
CUST_01022,France,54,706
CUST_01023,Belgium,39,618
CUST_01024,Belgium,24,587
CUST_01025,Belgium,40,934
CUST_01026,Netherlands,58,1100
CUST_01027,Italy,57,1266
CUST_01028,Italy,46,508
CUST_01029,France,33,516
CUST_01030,Italy,55,595
CUST_01031,Germany,45,1395
CUST_01032,Netherlands,65,553
CUST_01033,Germany,55,733
CUST_01034,Germany,48,1059
CUST_01035,Germany,31,850
CUST_01036,Spain,50,1197
CUST_01037,France,26,887
CUST_01038,Spain,44,1314
CUST_01039,Germany,41,614
CUST_01040,France,30,715
CUST_01041,Netherlands,43,261
CUST_01042,Italy,46,299
CUST_01043,France,68,969
CUST_01044,Spain,66,903
CUST_01045,Italy,60,1275
CUST_01046,Spain,45,81
CUST_01047,Germany,45,145
CUST_01048,Germany,25,567
CUST_01049,Italy,40,570
CUST_01050,Germany,46,1072
CUST_01051,Italy,22,844
CUST_01052,Netherlands,59,1445
CUST_01053,Belgium,24,820
CUST_01054,Italy,59,647
CUST_01055,Belgium,53,448
CUST_01056,France,58,338
CUST_01057,Italy,44,893
CUST_01058,France,63,215
CUST_01059,Netherlands,19,290
CUST_01060,Spain,42,1326
CUST_01061,Italy,26,189
CUST_01062,Belgium,44,899
CUST_01063,Italy,18,791
CUST_01064,France,40,253
CUST_01065,France,27,1309
CUST_01066,Spain,59,209
CUST_01067,Germany,69,49
CUST_01068,Germany,42,661
CUST_01069,France,20,1263
CUST_01070,France,23,87
CUST_01071,France,23,1146
CUST_01072,Germany,19,1274
CUST_01073,Germany,35,752
CUST_01074,Germany,40,1285
CUST_01075,Belgium,19,1417
CUST_01076,France,29,644
CUST_01077,France,39,591
CUST_01078,Spain,54,403
CUST_01079,Germany,37,651
CUST_01080,Belgium,56,117
CUST_01081,Italy,41,1073
CUST_01082,Germany,65,1043
CUST_01083,France,37,43
CUST_01084,Italy,18,162
CUST_01085,Belgium,18,1087
CUST_01086,Netherlands,34,921
CUST_01087,Spain,18,1261
CUST_01088,Germany,69,1252
CUST_01089,Belgium,62,621
CUST_01090,Germany,47,612
CUST_01091,Belgium,58,1208
CUST_01092,Spain,64,1131
CUST_01093,Spain,20,1225
CUST_01094,Netherlands,63,318
CUST_01095,Germany,28,1042
CUST_01096,Germany,41,908
CUST_01097,Germany,39,1473
CUST_01098,Germany,61,36
CUST_01099,Italy,62,1213
CUST_01100,France,43,269
CUST_01101,Germany,30,1476
CUST_01102,Belgium,18,565
CUST_01103,Italy,41,99
CUST_01104,Belgium,27,245
CUST_01105,Belgium,52,1157
CUST_01106,Germany,41,1107
CUST_01107,France,45,835
CUST_01108,Italy,53,359
CUST_01109,Spain,33,877
CUST_01110,Germany,57,1256
CUST_01111,Italy,33,1341
CUST_01112,Germany,34,74
CUST_01113,Germany,68,858
CUST_01114,Netherlands,32,227
CUST_01115,Netherlands,33,1269
CUST_01116,Netherlands,32,1362
CUST_01117,Germany,51,925
CUST_01118,Italy,28,1488
CUST_01119,France,18,361
CUST_01120,Germany,32,725
CUST_01121,Italy,43,56
CUST_01122,Belgium,68,1219
CUST_01123,Italy,21,347
CUST_01124,Italy,60,1327
CUST_01125,Spain,22,1436
CUST_01126,Netherlands,52,394
CUST_01127,Germany,30,1156
CUST_01128,France,27,989
CUST_01129,France,28,402
CUST_01130,France,35,274
CUST_01131,Spain,51,1222
CUST_01132,Netherlands,56,1471
CUST_01133,Germany,58,1409
CUST_01134,Germany,59,507
CUST_01135,Spain,67,154
CUST_01136,Germany,40,566
CUST_01137,Italy,24,735
CUST_01138,Netherlands,56,1455
CUST_01139,Netherlands,20,560
CUST_01140,Netherlands,29,815
CUST_01141,Italy,24,283
CUST_01142,France,66,150
CUST_01143,Spain,43,1085
CUST_01144,Netherlands,50,690
CUST_01145,France,54,1090
CUST_01146,Italy,65,1395
CUST_01147,Italy,32,1066
CUST_01148,Spain,19,1236
CUST_01149,Italy,58,1318
CUST_01150,Italy,24,117
CUST_01151,Spain,49,75
CUST_01152,Italy,21,1445
CUST_01153,Spain,37,1172
CUST_01154,Spain,67,962
CUST_01155,Spain,53,774
CUST_01156,Italy,49,996
CUST_01157,Germany,45,792
CUST_01158,Italy,30,791
CUST_01159,Italy,18,823
CUST_01160,Germany,52,773
CUST_01161,Italy,65,1099
CUST_01162,Germany,47,587
CUST_01163,France,53,555
CUST_01164,Spain,42,626
CUST_01165,Germany,33,869
CUST_01166,Italy,36,32
CUST_01167,Italy,18,1081
CUST_01168,Netherlands,22,1434
CUST_01169,Germany,68,186
CUST_01170,France,39,884
CUST_01171,Spain,41,540
CUST_01172,Belgium,60,1386
CUST_01173,Spain,62,716
CUST_01174,France,69,1167
CUST_01175,Spain,54,1442
CUST_01176,Netherlands,53,1303
CUST_01177,Italy,53,600
CUST_01178,Germany,21,744
CUST_01179,Italy,53,1368
CUST_01180,Netherlands,69,268
CUST_01181,Belgium,35,1287
CUST_01182,France,67,332
CUST_01183,Spain,33,636
CUST_01184,Belgium,58,1020
CUST_01185,Germany,35,363
CUST_01186,Belgium,39,142
CUST_01187,Spain,19,391
CUST_01188,Germany,38,830
CUST_01189,France,53,126
CUST_01190,Spain,61,45
CUST_01191,Germany,56,585
CUST_01192,Netherlands,64,405
CUST_01193,France,56,771
CUST_01194,Spain,46,419
CUST_01195,Germany,43,649
CUST_01196,Italy,38,1270
CUST_01197,Belgium,34,1452
CUST_01198,Belgium,33,1313
CUST_01199,Spain,48,853
CUST_01200,Germany,68,349
CUST_01201,Italy,26,225
CUST_01202,Germany,48,447
CUST_01203,Germany,31,636
CUST_01204,France,66,597
CUST_01205,Netherlands,54,573
CUST_01206,Italy,19,260
CUST_01207,Spain,69,913
CUST_01208,France,65,550
CUST_01209,France,63,732
CUST_01210,Belgium,31,1253
CUST_01211,France,50,875
CUST_01212,Netherlands,52,702
CUST_01213,Germany,56,50
CUST_01214,Italy,64,1364
CUST_01215,Spain,68,617
CUST_01216,Germany,37,927
CUST_01217,Germany,19,1487
CUST_01218,Spain,68,400
CUST_01219,Spain,58,107
CUST_01220,France,36,1338
CUST_01221,Belgium,54,677
CUST_01222,Germany,35,169
CUST_01223,France,33,582
CUST_01224,Belgium,21,1027
CUST_01225,France,29,311
CUST_01226,Spain,46,1311
CUST_01227,France,24,1413
CUST_01228,France,31,469
CUST_01229,Belgium,29,299
CUST_01230,France,52,1187
CUST_01231,Italy,22,775
CUST_01232,Germany,34,133
CUST_01233,Germany,59,795
CUST_01234,Germany,49,124
CUST_01235,Spain,27,758
CUST_01236,France,60,509
CUST_01237,Italy,34,809
CUST_01238,Netherlands,22,1294
CUST_01239,Belgium,62,42
CUST_01240,Germany,59,1200
CUST_01241,Italy,26,630
CUST_01242,Italy,66,124
CUST_01243,Italy,50,322
CUST_01244,Italy,53,54
CUST_01245,Italy,53,1325
CUST_01246,Spain,35,1219
CUST_01247,Germany,26,968
CUST_01248,Germany,46,791
CUST_01249,Belgium,67,1140
CUST_01250,Spain,31,683
CUST_01251,Italy,42,1014
CUST_01252,Netherlands,32,667
CUST_01253,Germany,23,520
CUST_01254,Germany,59,1194
CUST_01255,Spain,46,1156
CUST_01256,France,32,1279
CUST_01257,Germany,46,604
CUST_01258,Netherlands,21,323
CUST_01259,Germany,35,925
CUST_01260,Netherlands,67,1359
CUST_01261,France,66,1307
CUST_01262,Italy,61,1233
CUST_01263,France,56,69
CUST_01264,Netherlands,33,805
CUST_01265,Germany,28,549
CUST_01266,Germany,31,575
CUST_01267,France,20,265
CUST_01268,Netherlands,68,492
CUST_01269,Spain,67,1281
CUST_01270,France,59,512
CUST_01271,Spain,55,459
CUST_01272,Italy,62,1075
CUST_01273,Italy,59,372
CUST_01274,Germany,35,1093
CUST_01275,Netherlands,37,1226
CUST_01276,Germany,65,1492
CUST_01277,Germany,42,1232
CUST_01278,Belgium,55,162
CUST_01279,Germany,30,380
CUST_01280,Netherlands,21,535
CUST_01281,Spain,31,113
CUST_01282,Spain,50,1022
CUST_01283,Netherlands,45,859
CUST_01284,Germany,69,890
CUST_01285,France,54,372
CUST_01286,Netherlands,25,1333
CUST_01287,Germany,61,895
CUST_01288,France,51,1316
CUST_01289,Germany,61,1219
CUST_01290,Germany,22,322
CUST_01291,France,22,1279
CUST_01292,Germany,48,1223
CUST_01293,Netherlands,62,627
CUST_01294,Spain,26,674
CUST_01295,Italy,59,477
CUST_01296,Germany,49,719
CUST_01297,Germany,50,1031
CUST_01298,Germany,20,884
CUST_01299,Spain,47,531
CUST_01300,Spain,67,793
CUST_01301,Germany,29,764
CUST_01302,Belgium,46,1432
CUST_01303,Germany,20,1254
CUST_01304,Netherlands,43,279
CUST_01305,Spain,47,1462
CUST_01306,Italy,26,630
CUST_01307,Spain,43,154
CUST_01308,Italy,19,142
CUST_01309,France,20,1010
CUST_01310,Italy,63,1190
CUST_01311,Germany,21,179
CUST_01312,Italy,42,904
CUST_01313,Netherlands,68,372
CUST_01314,Italy,30,609
CUST_01315,Netherlands,56,812
CUST_01316,Spain,61,350
CUST_01317,Netherlands,52,851
CUST_01318,Spain,40,561
CUST_01319,Germany,26,1342
CUST_01320,Germany,19,521
CUST_01321,Germany,58,641
CUST_01322,Germany,61,281
CUST_01323,Italy,48,1130
CUST_01324,Germany,61,1445
CUST_01325,Belgium,64,1465
CUST_01326,France,19,202
CUST_01327,Germany,49,904
CUST_01328,Italy,35,230
CUST_01329,Spain,30,246
CUST_01330,Netherlands,63,405
CUST_01331,Netherlands,22,40
CUST_01332,Spain,59,1065
CUST_01333,Germany,61,921
CUST_01334,Belgium,27,464
CUST_01335,Belgium,60,847
CUST_01336,Spain,42,1426
CUST_01337,Germany,51,1326
CUST_01338,Spain,54,960
CUST_01339,Germany,47,720
CUST_01340,Germany,24,1185
CUST_01341,France,23,884
CUST_01342,Netherlands,20,813
CUST_01343,Italy,30,348
CUST_01344,Spain,20,873
CUST_01345,Spain,43,650
CUST_01346,France,41,814
CUST_01347,France,23,1221
CUST_01348,France,60,426
CUST_01349,Belgium,66,1233
CUST_01350,Germany,59,1111
CUST_01351,Italy,29,489
CUST_01352,Netherlands,66,90
CUST_01353,France,53,398
CUST_01354,Spain,19,1174
CUST_01355,Netherlands,28,748
CUST_01356,Italy,56,575
CUST_01357,Belgium,51,1070
CUST_01358,France,43,525
CUST_01359,France,35,526
CUST_01360,Netherlands,38,534
CUST_01361,Belgium,53,998
CUST_01362,Germany,57,1368
CUST_01363,Spain,69,1122
CUST_01364,Spain,63,190
CUST_01365,Spain,61,747
CUST_01366,Germany,39,1198
CUST_01367,Spain,47,1022
CUST_01368,Belgium,67,1438
CUST_01369,Germany,60,298
CUST_01370,Germany,47,728
CUST_01371,Belgium,25,894
CUST_01372,Germany,51,379
CUST_01373,Italy,64,139
CUST_01374,Netherlands,26,436
CUST_01375,Germany,68,679
CUST_01376,Italy,37,80
CUST_01377,France,57,1456
CUST_01378,Netherlands,42,1140
CUST_01379,France,36,1121
CUST_01380,Netherlands,22,625
CUST_01381,Germany,28,1008
CUST_01382,France,32,1095
CUST_01383,Belgium,25,760
CUST_01384,France,36,86
CUST_01385,Spain,40,767
CUST_01386,France,44,225
CUST_01387,Italy,57,1115
CUST_01388,Germany,49,1316
CUST_01389,Belgium,43,141
CUST_01390,Netherlands,44,794
CUST_01391,Germany,36,740
CUST_01392,Germany,67,1231
CUST_01393,Germany,59,977
CUST_01394,Netherlands,46,55
CUST_01395,France,56,439
CUST_01396,Italy,58,787
CUST_01397,France,50,560
CUST_01398,Germany,36,1370
CUST_01399,Spain,54,1159
CUST_01400,Spain,36,778
CUST_01401,Germany,50,275
CUST_01402,Germany,64,1134
CUST_01403,Germany,33,691
CUST_01404,Spain,40,938
CUST_01405,Spain,24,425
CUST_01406,Netherlands,43,551
CUST_01407,Italy,49,955
CUST_01408,Italy,29,293
CUST_01409,Netherlands,25,819
CUST_01410,Italy,22,1327
CUST_01411,Germany,59,201
CUST_01412,Germany,45,294
CUST_01413,France,22,1079
CUST_01414,Germany,66,505
CUST_01415,Netherlands,43,385
CUST_01416,Belgium,22,1079
CUST_01417,Germany,39,63
CUST_01418,Germany,32,293
CUST_01419,Netherlands,30,1191
CUST_01420,Belgium,45,845
CUST_01421,France,50,904
CUST_01422,Netherlands,60,783
CUST_01423,Germany,40,595
CUST_01424,Germany,50,491
CUST_01425,Belgium,60,1221
CUST_01426,Belgium,35,684
CUST_01427,Germany,67,110
CUST_01428,Belgium,47,786
CUST_01429,Spain,43,899
CUST_01430,Italy,33,1460
CUST_01431,Netherlands,30,1099
CUST_01432,Netherlands,56,628
CUST_01433,Netherlands,50,836
CUST_01434,Spain,43,1106
CUST_01435,Germany,65,1013
CUST_01436,Germany,18,733
CUST_01437,France,66,505
CUST_01438,Spain,55,621
CUST_01439,Germany,19,45
CUST_01440,Spain,66,1413
CUST_01441,Belgium,23,516
CUST_01442,Germany,63,735
CUST_01443,Spain,67,1194
CUST_01444,France,55,649
CUST_01445,Italy,59,1048
CUST_01446,Germany,41,806
CUST_01447,Spain,35,476
CUST_01448,Italy,44,319
CUST_01449,Belgium,58,238
CUST_01450,Spain,25,442
CUST_01451,Netherlands,45,706
CUST_01452,Spain,27,1480
CUST_01453,Italy,34,1424
CUST_01454,Netherlands,46,693
CUST_01455,Germany,23,319
CUST_01456,Belgium,31,1485
CUST_01457,Spain,39,1321
CUST_01458,Spain,23,180
CUST_01459,Germany,43,1308
CUST_01460,Spain,56,1406
CUST_01461,France,29,1430
CUST_01462,Spain,52,884
CUST_01463,Germany,31,1411
CUST_01464,Spain,39,637
CUST_01465,Belgium,68,399
CUST_01466,Germany,40,1280
CUST_01467,Belgium,65,734
CUST_01468,France,24,1356
CUST_01469,Italy,57,855
CUST_01470,Italy,67,1034
CUST_01471,Netherlands,42,1442
CUST_01472,Spain,30,406
CUST_01473,Italy,38,1002
CUST_01474,France,58,147
CUST_01475,France,27,1058
CUST_01476,Spain,26,473
CUST_01477,Italy,32,1405
CUST_01478,Italy,69,784
CUST_01479,Italy,19,669
CUST_01480,France,42,153
CUST_01481,Italy,30,687
CUST_01482,Germany,51,1330
CUST_01483,Netherlands,68,851
CUST_01484,Germany,51,1447
CUST_01485,France,52,693
CUST_01486,France,55,389
CUST_01487,France,20,652
CUST_01488,Spain,59,1110
CUST_01489,France,23,1304
CUST_01490,France,65,948
CUST_01491,Germany,66,1203
CUST_01492,France,36,481
CUST_01493,Germany,20,1215
CUST_01494,Germany,35,149
CUST_01495,Spain,56,611
CUST_01496,Spain,26,1404
CUST_01497,Spain,69,128
CUST_01498,Netherlands,29,1220
CUST_01499,France,22,543
CUST_01500,Italy,20,693
CUST_01501,Netherlands,28,430
CUST_01502,Netherlands,47,394
CUST_01503,Germany,21,1379
CUST_01504,France,22,610
CUST_01505,France,18,650
CUST_01506,France,44,857
CUST_01507,Netherlands,45,276
CUST_01508,Netherlands,46,463
CUST_01509,Spain,35,1146
CUST_01510,Italy,29,1321
CUST_01511,Italy,30,644
CUST_01512,Spain,58,972
CUST_01513,Belgium,19,992
CUST_01514,Germany,54,653
CUST_01515,Germany,62,350
CUST_01516,Germany,33,885
CUST_01517,Spain,65,91
CUST_01518,Italy,41,329
CUST_01519,Germany,52,432
CUST_01520,Belgium,39,984
CUST_01521,Germany,53,1356
CUST_01522,Belgium,28,282
CUST_01523,France,63,507
CUST_01524,Germany,46,1422
CUST_01525,Netherlands,52,189
CUST_01526,France,65,990
CUST_01527,France,32,1219
CUST_01528,France,48,234
CUST_01529,Italy,59,1320
CUST_01530,Netherlands,58,1191
CUST_01531,France,60,1421
CUST_01532,Spain,33,1496
CUST_01533,Spain,27,887
CUST_01534,France,66,789
CUST_01535,France,49,750
CUST_01536,Germany,68,1070
CUST_01537,Germany,19,97
CUST_01538,Spain,41,162
CUST_01539,Germany,40,948
CUST_01540,Netherlands,19,459
CUST_01541,Spain,55,337
CUST_01542,Germany,48,679
CUST_01543,Netherlands,68,1227
CUST_01544,France,57,441
CUST_01545,Belgium,43,126
CUST_01546,Netherlands,46,1207
CUST_01547,Italy,20,1295
CUST_01548,Netherlands,31,1357
CUST_01549,Germany,42,1338
CUST_01550,Spain,65,1080
CUST_01551,Belgium,18,1455
CUST_01552,Spain,20,1413
CUST_01553,Italy,43,1113
CUST_01554,Italy,35,231
CUST_01555,Germany,26,791
CUST_01556,Germany,55,903
CUST_01557,Spain,40,610
CUST_01558,France,38,399
CUST_01559,Italy,18,562
CUST_01560,Belgium,38,1205
CUST_01561,France,44,1155
CUST_01562,Germany,59,928
CUST_01563,Italy,23,636
CUST_01564,France,61,1499
CUST_01565,Italy,53,902
CUST_01566,France,45,1282
CUST_01567,Spain,62,1178
CUST_01568,Germany,34,799
CUST_01569,Spain,57,863
CUST_01570,Netherlands,69,1028
CUST_01571,Netherlands,20,967
CUST_01572,Germany,29,265
CUST_01573,Spain,56,191
CUST_01574,Italy,29,583
CUST_01575,Germany,19,817
CUST_01576,Germany,63,1406
CUST_01577,Germany,39,1121
CUST_01578,Spain,40,1226
CUST_01579,Spain,47,588
CUST_01580,Netherlands,22,290
CUST_01581,Germany,26,246
CUST_01582,France,38,1177
CUST_01583,Netherlands,28,834
CUST_01584,Netherlands,22,1215
CUST_01585,Belgium,52,230
CUST_01586,Germany,44,431
CUST_01587,Spain,66,304
CUST_01588,France,19,235
CUST_01589,France,41,1093
CUST_01590,Spain,48,1326
CUST_01591,Spain,50,896
CUST_01592,Belgium,56,122
CUST_01593,Germany,47,1095
CUST_01594,Germany,63,408
CUST_01595,Spain,54,1160
CUST_01596,Netherlands,68,1381
CUST_01597,France,45,94
CUST_01598,Germany,48,394
CUST_01599,Germany,28,850
CUST_01600,Italy,40,1077
CUST_01601,Germany,19,569
CUST_01602,France,57,1115
CUST_01603,Germany,58,520
CUST_01604,France,44,1326
CUST_01605,Germany,52,258
CUST_01606,Netherlands,19,1073
CUST_01607,Germany,56,32
CUST_01608,Italy,54,1474
CUST_01609,Germany,38,940
CUST_01610,Netherlands,22,336
CUST_01611,Italy,69,461
CUST_01612,Spain,62,165
CUST_01613,Netherlands,38,544
CUST_01614,France,46,222
CUST_01615,France,37,1468
CUST_01616,Spain,55,902
CUST_01617,Belgium,37,1171
CUST_01618,Spain,67,695
CUST_01619,Netherlands,42,238
CUST_01620,Spain,19,981
CUST_01621,Netherlands,49,1087
CUST_01622,Germany,43,678
CUST_01623,Netherlands,23,1371
CUST_01624,Belgium,58,149
CUST_01625,Germany,20,656
CUST_01626,Spain,50,554
CUST_01627,Germany,18,798
CUST_01628,Netherlands,68,1142
CUST_01629,Germany,22,541
CUST_01630,Netherlands,30,76
CUST_01631,Italy,36,801
CUST_01632,France,29,769
CUST_01633,Spain,65,551
CUST_01634,Italy,42,1337
CUST_01635,Belgium,68,1430
CUST_01636,Germany,52,163
CUST_01637,France,29,277
CUST_01638,Germany,47,1371
CUST_01639,Belgium,22,465
CUST_01640,Belgium,51,1229
CUST_01641,Netherlands,39,715
CUST_01642,Italy,56,615
CUST_01643,Netherlands,30,380
CUST_01644,Spain,64,172
CUST_01645,Germany,20,996
CUST_01646,Italy,37,833
CUST_01647,Germany,48,1451
CUST_01648,Italy,22,747
CUST_01649,Italy,41,672
CUST_01650,Spain,57,1422
CUST_01651,Germany,50,530
CUST_01652,France,25,399
CUST_01653,France,41,1435
CUST_01654,France,67,1139
CUST_01655,Germany,37,816
CUST_01656,Belgium,33,768
CUST_01657,Netherlands,67,979
CUST_01658,France,69,1378
CUST_01659,France,29,551
CUST_01660,France,30,518
CUST_01661,Spain,62,426
CUST_01662,Netherlands,59,925
CUST_01663,Belgium,56,384
CUST_01664,Netherlands,42,976
CUST_01665,Belgium,63,317
CUST_01666,Italy,49,1027
CUST_01667,Germany,41,565
CUST_01668,Belgium,65,1344
CUST_01669,Germany,64,880
CUST_01670,Italy,61,867
CUST_01671,France,26,197
CUST_01672,Italy,57,979
CUST_01673,Italy,67,650
CUST_01674,Italy,40,457
CUST_01675,Italy,67,519
CUST_01676,France,30,384
CUST_01677,Germany,49,225
CUST_01678,France,67,574
CUST_01679,Germany,32,746
CUST_01680,Spain,53,853
CUST_01681,France,66,961
CUST_01682,Belgium,22,1032
CUST_01683,Spain,39,688
CUST_01684,Italy,33,968
CUST_01685,Germany,58,809
CUST_01686,Italy,27,40
CUST_01687,Belgium,41,1309
CUST_01688,Netherlands,35,425
CUST_01689,Spain,66,760
CUST_01690,Italy,35,438
CUST_01691,Germany,24,391
CUST_01692,Netherlands,21,1312
CUST_01693,France,43,1056
CUST_01694,Germany,22,113
CUST_01695,France,33,185
CUST_01696,Germany,52,1229
CUST_01697,Germany,43,736
CUST_01698,Germany,35,501
CUST_01699,Belgium,46,648
CUST_01700,Netherlands,40,1477
CUST_01701,Belgium,31,163
CUST_01702,France,32,817
CUST_01703,France,66,936
CUST_01704,Netherlands,50,893
CUST_01705,France,42,1433
CUST_01706,Germany,38,696
CUST_01707,Spain,34,306
CUST_01708,Germany,40,1289
CUST_01709,Spain,60,911
CUST_01710,Spain,34,42
CUST_01711,Germany,31,371
CUST_01712,Germany,46,64
CUST_01713,Italy,37,588
CUST_01714,Netherlands,47,1267
CUST_01715,Germany,36,1465
CUST_01716,Belgium,56,434
CUST_01717,Germany,30,687
CUST_01718,Spain,35,188
CUST_01719,Belgium,40,985
CUST_01720,Germany,63,1163
CUST_01721,Germany,50,578
CUST_01722,Germany,56,1014
CUST_01723,France,57,1400
CUST_01724,Germany,35,308
CUST_01725,Spain,26,508
CUST_01726,Germany,50,140
CUST_01727,Netherlands,49,460
CUST_01728,Belgium,34,571
CUST_01729,Italy,36,1168
CUST_01730,Spain,44,1143
CUST_01731,France,23,1265
CUST_01732,Spain,52,389
CUST_01733,Netherlands,54,401
CUST_01734,France,51,1268
CUST_01735,Germany,37,1068
CUST_01736,Italy,42,984
CUST_01737,France,21,288
CUST_01738,Germany,27,807
CUST_01739,France,27,149
CUST_01740,France,41,1005
CUST_01741,Italy,38,942
CUST_01742,Spain,28,1181
CUST_01743,Italy,44,752
CUST_01744,Germany,33,552
CUST_01745,France,43,354
CUST_01746,Netherlands,47,1373
CUST_01747,Germany,66,1103
CUST_01748,France,33,98
CUST_01749,Italy,24,420
CUST_01750,Germany,33,412
CUST_01751,Netherlands,52,45
CUST_01752,Germany,33,1492
CUST_01753,Germany,57,875
CUST_01754,Germany,29,898
CUST_01755,Belgium,52,597
CUST_01756,Italy,66,161
CUST_01757,Belgium,38,1301
CUST_01758,Netherlands,67,302
CUST_01759,Germany,60,1402
CUST_01760,Netherlands,53,513
CUST_01761,Netherlands,65,579
CUST_01762,Italy,34,386
CUST_01763,Germany,49,1371
CUST_01764,Netherlands,58,1101
CUST_01765,Germany,23,1063
CUST_01766,France,41,262
CUST_01767,Spain,44,65
CUST_01768,Netherlands,37,442
CUST_01769,France,42,1057
CUST_01770,France,19,73
CUST_01771,Netherlands,26,597
CUST_01772,Italy,45,1308
CUST_01773,Italy,55,769
CUST_01774,Belgium,20,143
CUST_01775,Italy,37,426
CUST_01776,France,23,1227
CUST_01777,Spain,56,1308
CUST_01778,France,50,495
CUST_01779,France,18,1330
CUST_01780,Italy,54,876
CUST_01781,Germany,23,531
CUST_01782,Belgium,62,470
CUST_01783,Netherlands,51,98
CUST_01784,Spain,64,355
CUST_01785,Spain,32,96
CUST_01786,Italy,62,333
CUST_01787,Spain,43,1001
CUST_01788,Spain,31,513
CUST_01789,Germany,24,958
CUST_01790,Netherlands,63,1470
CUST_01791,Germany,48,1212
CUST_01792,Spain,41,178
CUST_01793,Netherlands,48,1080
CUST_01794,Spain,46,1016
CUST_01795,Germany,59,613
CUST_01796,Germany,49,277
CUST_01797,Spain,34,1154
CUST_01798,Germany,31,731
CUST_01799,Germany,57,125
CUST_01800,Germany,53,1437
CUST_01801,Belgium,65,311
CUST_01802,Spain,41,351
CUST_01803,France,62,1449
CUST_01804,France,44,1331
CUST_01805,France,42,558
CUST_01806,Italy,49,292
CUST_01807,Spain,69,609
CUST_01808,Germany,35,1346
CUST_01809,Germany,63,323
CUST_01810,Germany,35,424
CUST_01811,Spain,54,542
CUST_01812,Italy,43,950
CUST_01813,France,26,839
CUST_01814,Germany,52,1233
CUST_01815,Germany,25,949
CUST_01816,Belgium,37,722
CUST_01817,France,59,264
CUST_01818,Italy,39,981
CUST_01819,Spain,36,1390
CUST_01820,France,47,1061
CUST_01821,Germany,45,1496
CUST_01822,Germany,52,568
CUST_01823,Spain,60,849
CUST_01824,Italy,28,1144
CUST_01825,Spain,48,301
CUST_01826,Netherlands,66,1058
CUST_01827,Germany,65,1272
CUST_01828,Belgium,56,1171
CUST_01829,Italy,53,622
CUST_01830,France,47,1005
CUST_01831,Belgium,40,144
CUST_01832,Spain,36,292
CUST_01833,Netherlands,29,1359
CUST_01834,Spain,32,1475
CUST_01835,Italy,48,236
CUST_01836,Spain,60,332
CUST_01837,Germany,54,141
CUST_01838,France,54,1470
CUST_01839,Belgium,32,1338
CUST_01840,Germany,46,214
CUST_01841,France,67,930
CUST_01842,France,60,250
CUST_01843,France,43,1497
CUST_01844,Spain,61,1170
CUST_01845,Belgium,19,1123
CUST_01846,Germany,37,927
CUST_01847,Germany,32,1123
CUST_01848,Germany,69,651
CUST_01849,Italy,21,456
CUST_01850,Spain,39,673
CUST_01851,France,67,597
CUST_01852,Italy,55,472
CUST_01853,Italy,40,630
CUST_01854,Italy,43,1190
CUST_01855,Belgium,68,533
CUST_01856,France,28,160
CUST_01857,Italy,45,247
CUST_01858,Netherlands,19,717
CUST_01859,Italy,25,200
CUST_01860,Spain,46,641
CUST_01861,Italy,28,1021
CUST_01862,Spain,54,1182
CUST_01863,Germany,35,86
CUST_01864,Netherlands,67,1234
CUST_01865,Belgium,31,275
CUST_01866,Belgium,27,173
CUST_01867,Germany,52,1104
CUST_01868,Germany,26,397
CUST_01869,Germany,52,247
CUST_01870,Spain,28,645
CUST_01871,Italy,61,1310
CUST_01872,Germany,29,1209
CUST_01873,Netherlands,20,471
CUST_01874,Italy,56,870
CUST_01875,Spain,31,985
CUST_01876,Netherlands,45,728
CUST_01877,Netherlands,28,905
CUST_01878,Netherlands,56,805
CUST_01879,France,42,791
CUST_01880,Netherlands,38,974
CUST_01881,Spain,27,952
CUST_01882,Italy,60,964
CUST_01883,Spain,32,54
CUST_01884,Italy,36,835
CUST_01885,Germany,65,793
CUST_01886,Netherlands,39,1113
CUST_01887,Germany,38,463
CUST_01888,Germany,69,908
CUST_01889,Spain,61,1119
CUST_01890,Belgium,49,939
CUST_01891,Germany,67,594
CUST_01892,France,40,135
CUST_01893,Italy,30,125
CUST_01894,Germany,22,197
CUST_01895,Netherlands,21,71
CUST_01896,Spain,45,133
CUST_01897,Spain,31,1257
CUST_01898,Germany,25,549
CUST_01899,France,26,311
CUST_01900,Italy,68,1096
CUST_01901,Netherlands,52,976
CUST_01902,Germany,54,1163
CUST_01903,Italy,38,1263
CUST_01904,Germany,35,778
CUST_01905,Spain,50,860
CUST_01906,Germany,25,78
CUST_01907,Belgium,68,144
CUST_01908,France,66,1208
CUST_01909,France,34,532
CUST_01910,Germany,60,1015
CUST_01911,France,48,100
CUST_01912,Italy,51,1041
CUST_01913,Belgium,23,1389
CUST_01914,France,39,96
CUST_01915,France,31,996
CUST_01916,Spain,20,1266
CUST_01917,Italy,29,210
CUST_01918,Netherlands,53,642
CUST_01919,France,29,726
CUST_01920,France,62,632
CUST_01921,Spain,19,277
CUST_01922,Germany,19,1267
CUST_01923,Spain,32,388
CUST_01924,France,40,278
CUST_01925,Italy,46,667
CUST_01926,Germany,34,979
CUST_01927,Netherlands,49,1141
CUST_01928,Netherlands,24,692
CUST_01929,Spain,47,205
CUST_01930,Germany,45,752
CUST_01931,Netherlands,31,455
CUST_01932,Netherlands,61,800
CUST_01933,Netherlands,47,732
CUST_01934,Spain,34,110
CUST_01935,Spain,49,956
CUST_01936,Italy,63,167
CUST_01937,France,23,1486
CUST_01938,Italy,68,499
CUST_01939,Netherlands,41,379
CUST_01940,Germany,23,1179
CUST_01941,Germany,44,1362
CUST_01942,France,35,1283
CUST_01943,Italy,41,1398
CUST_01944,Spain,54,339
CUST_01945,Italy,41,1073
CUST_01946,Netherlands,55,1031
CUST_01947,France,51,298
CUST_01948,Germany,57,1056
CUST_01949,France,64,799
CUST_01950,France,32,45
CUST_01951,Germany,28,635
CUST_01952,Germany,39,1411
CUST_01953,Netherlands,41,842
CUST_01954,Spain,18,1186
CUST_01955,Belgium,35,1365
CUST_01956,Belgium,61,511
CUST_01957,Spain,29,924
CUST_01958,France,60,1358
CUST_01959,Spain,45,298
CUST_01960,Italy,57,443
CUST_01961,Germany,24,54
CUST_01962,France,40,345
CUST_01963,Italy,38,600
CUST_01964,France,51,754
CUST_01965,Netherlands,28,1037
CUST_01966,Netherlands,39,1329
CUST_01967,Germany,59,418
CUST_01968,France,52,751
CUST_01969,France,69,473
CUST_01970,Germany,46,1028
CUST_01971,Germany,59,1480
CUST_01972,Italy,45,1110
CUST_01973,France,35,726
CUST_01974,Netherlands,31,1000
CUST_01975,France,35,750
CUST_01976,Belgium,45,397
CUST_01977,France,41,371
CUST_01978,France,25,333
CUST_01979,Italy,59,793
CUST_01980,Italy,62,1427
CUST_01981,Germany,25,845
CUST_01982,Italy,21,141
CUST_01983,Netherlands,44,907
CUST_01984,Netherlands,53,1059
CUST_01985,Germany,22,959
CUST_01986,Germany,50,732
CUST_01987,Spain,66,875
CUST_01988,Netherlands,51,973
CUST_01989,France,47,308
CUST_01990,Spain,25,411
CUST_01991,Italy,56,42
CUST_01992,Germany,64,332
CUST_01993,Spain,43,189
CUST_01994,Germany,54,183
CUST_01995,Italy,51,783
CUST_01996,Spain,24,210
CUST_01997,Belgium,57,1233
CUST_01998,Germany,45,406
CUST_01999,Germany,56,805
CUST_02000,France,56,1221
CUST_02001,France,45,1267
CUST_02002,Germany,31,1203
CUST_02003,Belgium,67,45
CUST_02004,Germany,55,1144
CUST_02005,France,21,1173
CUST_02006,Italy,59,282
CUST_02007,France,35,1113
CUST_02008,Italy,61,1319
CUST_02009,Germany,65,1462
CUST_02010,Netherlands,42,60
CUST_02011,Germany,24,1074
CUST_02012,Germany,55,760
CUST_02013,Belgium,45,318
CUST_02014,Germany,22,527
CUST_02015,Netherlands,20,1458
CUST_02016,France,61,577
CUST_02017,France,48,990
CUST_02018,Italy,64,161
CUST_02019,Germany,59,1377
CUST_02020,Spain,37,887
CUST_02021,Belgium,36,1185
CUST_02022,Netherlands,65,550
CUST_02023,Belgium,28,59
CUST_02024,Germany,57,656
CUST_02025,France,20,1354
CUST_02026,France,40,33
CUST_02027,Spain,24,1378
CUST_02028,Belgium,40,538
CUST_02029,France,24,1290
CUST_02030,Spain,63,45
CUST_02031,Germany,51,1026
CUST_02032,Netherlands,59,1499
CUST_02033,Netherlands,36,985
CUST_02034,Belgium,26,1283
CUST_02035,Spain,65,1160
CUST_02036,France,68,1442
CUST_02037,Germany,35,292
CUST_02038,Germany,58,1118
CUST_02039,Germany,65,294
CUST_02040,France,62,1391
CUST_02041,Italy,59,1354
CUST_02042,Netherlands,42,407
CUST_02043,Netherlands,69,1228
CUST_02044,Germany,31,992
CUST_02045,Italy,61,1205
CUST_02046,Spain,42,505
CUST_02047,Germany,36,1319
CUST_02048,Spain,56,358
CUST_02049,Netherlands,32,1216
CUST_02050,Germany,33,467
CUST_02051,Netherlands,44,1396
CUST_02052,Netherlands,57,1420
CUST_02053,Germany,27,1252
CUST_02054,Belgium,21,45
CUST_02055,Italy,68,1349
CUST_02056,Spain,36,897
CUST_02057,Netherlands,45,540
CUST_02058,France,38,1013
CUST_02059,Spain,64,1292
CUST_02060,Netherlands,31,610
CUST_02061,Germany,50,1354
CUST_02062,Netherlands,65,35
CUST_02063,Italy,27,1273
CUST_02064,Netherlands,36,1048
CUST_02065,Germany,47,1486
CUST_02066,Italy,39,836
CUST_02067,Germany,20,1439
CUST_02068,France,54,648
CUST_02069,Germany,58,1348
CUST_02070,France,35,1171
CUST_02071,Italy,28,434
CUST_02072,Netherlands,65,1026
CUST_02073,Germany,19,623
CUST_02074,Italy,29,595
CUST_02075,Italy,23,781
CUST_02076,Italy,60,41
CUST_02077,Germany,57,1262
CUST_02078,Netherlands,61,194
CUST_02079,Belgium,46,907
CUST_02080,Italy,47,1347
CUST_02081,Germany,19,107
CUST_02082,Germany,26,1487
CUST_02083,Netherlands,64,643
CUST_02084,Belgium,19,898
CUST_02085,Netherlands,46,841
CUST_02086,Netherlands,50,1130
CUST_02087,Germany,27,1101
CUST_02088,Spain,51,796
CUST_02089,Italy,61,111
CUST_02090,France,25,238
CUST_02091,Italy,54,1498
CUST_02092,Belgium,50,551
CUST_02093,Germany,64,1082
CUST_02094,Netherlands,23,1357
CUST_02095,France,61,1023
CUST_02096,Italy,57,494
CUST_02097,Netherlands,62,1499
CUST_02098,Spain,36,657
CUST_02099,Italy,49,810
CUST_02100,France,44,1481
CUST_02101,Belgium,18,588
CUST_02102,Netherlands,60,1412
CUST_02103,Germany,69,989
CUST_02104,Spain,50,120
CUST_02105,Italy,57,1106
CUST_02106,France,49,889
CUST_02107,Italy,22,1257
CUST_02108,Belgium,34,585
CUST_02109,France,25,185
CUST_02110,Belgium,59,31
CUST_02111,Germany,51,1410
CUST_02112,Germany,26,854
CUST_02113,Germany,40,831
CUST_02114,Italy,52,1012
CUST_02115,Spain,67,1111
CUST_02116,Germany,24,1307
CUST_02117,France,32,1233
CUST_02118,Spain,37,522
CUST_02119,Germany,67,698
CUST_02120,Italy,42,1088
CUST_02121,Italy,20,104
CUST_02122,Netherlands,63,973
CUST_02123,Belgium,41,1342
CUST_02124,France,51,400
CUST_02125,Belgium,63,616
CUST_02126,Spain,39,358
CUST_02127,Spain,28,619
CUST_02128,Germany,65,806
CUST_02129,Italy,25,333
CUST_02130,France,56,608
CUST_02131,Germany,60,250
CUST_02132,Germany,52,1008
CUST_02133,Netherlands,66,1217
CUST_02134,Netherlands,63,404
CUST_02135,Spain,55,1273
CUST_02136,Italy,25,1307
CUST_02137,Germany,54,217
CUST_02138,Spain,44,1244
CUST_02139,Germany,45,1442
CUST_02140,Italy,57,1268
CUST_02141,Italy,51,1428
CUST_02142,Netherlands,49,1139
CUST_02143,Spain,32,503
CUST_02144,France,61,873
CUST_02145,Netherlands,34,560
CUST_02146,Italy,50,1100
CUST_02147,Netherlands,64,1118
CUST_02148,France,63,992
CUST_02149,Netherlands,69,504
CUST_02150,Italy,33,1199
CUST_02151,France,46,975
CUST_02152,Germany,26,1435
CUST_02153,Spain,50,1119
CUST_02154,Italy,66,546
CUST_02155,Germany,46,1146
CUST_02156,Germany,30,455
CUST_02157,Germany,38,1147
CUST_02158,France,38,162
CUST_02159,Netherlands,22,1487
CUST_02160,Spain,27,1394
CUST_02161,Spain,23,343
CUST_02162,Spain,68,620
CUST_02163,France,30,1265
CUST_02164,Italy,18,1038
CUST_02165,Netherlands,37,188
CUST_02166,Belgium,64,1321
CUST_02167,Spain,63,690
CUST_02168,Germany,25,777
CUST_02169,Spain,27,830
CUST_02170,France,26,439
CUST_02171,Spain,66,1409
CUST_02172,Germany,58,709
CUST_02173,Germany,20,1246
CUST_02174,Italy,28,1324
CUST_02175,Germany,29,143
CUST_02176,Italy,27,926
CUST_02177,France,42,1108
CUST_02178,Spain,66,94
CUST_02179,Spain,66,713
CUST_02180,Netherlands,42,1325
CUST_02181,France,28,1415
CUST_02182,Germany,53,175
CUST_02183,Germany,56,972
CUST_02184,France,43,1262
CUST_02185,Spain,31,1339
CUST_02186,Belgium,56,1063
CUST_02187,Italy,57,768
CUST_02188,Italy,18,215
CUST_02189,Italy,21,1187
CUST_02190,Spain,47,864
CUST_02191,France,29,838
CUST_02192,Belgium,52,200
CUST_02193,Spain,30,242
CUST_02194,Netherlands,69,56
CUST_02195,Germany,48,1043
CUST_02196,France,55,1121
CUST_02197,Netherlands,60,819
CUST_02198,Italy,40,437
CUST_02199,Netherlands,21,1162
CUST_02200,France,69,103
CUST_02201,Belgium,33,607
CUST_02202,Germany,24,709
CUST_02203,France,39,1315
CUST_02204,Germany,46,1421
CUST_02205,Spain,28,815
CUST_02206,Belgium,50,878
CUST_02207,France,46,899
CUST_02208,Italy,56,266
CUST_02209,France,29,756
CUST_02210,Belgium,24,1419
CUST_02211,Italy,56,1339
CUST_02212,Italy,59,407
CUST_02213,Germany,65,690
CUST_02214,Belgium,43,859
CUST_02215,Spain,57,935
CUST_02216,France,26,405
CUST_02217,Italy,58,648
CUST_02218,France,51,682
CUST_02219,Italy,62,1129
CUST_02220,Germany,30,1062
CUST_02221,Spain,53,225
CUST_02222,Netherlands,42,836
CUST_02223,Germany,41,922
CUST_02224,Germany,61,1343
CUST_02225,Germany,34,1114
CUST_02226,Netherlands,19,966
CUST_02227,France,30,1442
CUST_02228,Netherlands,48,876
CUST_02229,France,46,847
CUST_02230,France,67,593
CUST_02231,Spain,45,663
CUST_02232,Germany,44,708
CUST_02233,Belgium,32,1047
CUST_02234,Italy,48,37
CUST_02235,Spain,57,1422
CUST_02236,Netherlands,32,1098
CUST_02237,Italy,50,373
CUST_02238,Germany,37,825
CUST_02239,Germany,59,1428
CUST_02240,Germany,29,1080
CUST_02241,Italy,54,1246
CUST_02242,Germany,26,878
CUST_02243,Netherlands,40,1410
CUST_02244,Belgium,25,91
CUST_02245,Italy,49,1115
CUST_02246,Netherlands,65,451
CUST_02247,Germany,31,662
CUST_02248,Italy,44,821
CUST_02249,Netherlands,42,580
CUST_02250,Germany,30,1433
CUST_02251,Germany,38,1330
CUST_02252,Belgium,62,635
CUST_02253,Spain,48,1484
CUST_02254,Italy,54,1168
CUST_02255,Italy,65,1174
CUST_02256,Netherlands,60,554
CUST_02257,Netherlands,22,928
CUST_02258,France,30,1469
CUST_02259,France,45,192
CUST_02260,France,60,816
CUST_02261,Italy,42,939
CUST_02262,Spain,68,1011
CUST_02263,Italy,52,1390
CUST_02264,France,64,408
CUST_02265,Spain,56,1377
CUST_02266,Spain,24,202
CUST_02267,Netherlands,55,1029
CUST_02268,Spain,49,93
CUST_02269,Germany,20,1154
CUST_02270,Netherlands,62,1375
CUST_02271,Germany,56,1004
CUST_02272,France,54,95
CUST_02273,Netherlands,67,487
CUST_02274,Spain,39,482
CUST_02275,Belgium,25,1312
CUST_02276,Spain,34,1479
CUST_02277,Spain,69,1008
CUST_02278,Netherlands,44,207
CUST_02279,Spain,50,309
CUST_02280,Germany,63,373
CUST_02281,France,34,1070
CUST_02282,France,59,325
CUST_02283,Netherlands,29,231
CUST_02284,Germany,65,991
CUST_02285,Germany,63,713
CUST_02286,France,44,1247
CUST_02287,Belgium,65,1202
CUST_02288,France,25,404
CUST_02289,Netherlands,40,64
CUST_02290,Germany,59,1422
CUST_02291,Spain,66,58
CUST_02292,France,46,804
CUST_02293,Germany,67,250
CUST_02294,Netherlands,37,82
CUST_02295,Germany,33,820
CUST_02296,Germany,34,1406
CUST_02297,Germany,33,1445
CUST_02298,Germany,36,105
CUST_02299,Germany,25,523
CUST_02300,France,55,146
CUST_02301,Italy,55,309
CUST_02302,Netherlands,46,1228
CUST_02303,Netherlands,58,775
CUST_02304,France,53,978
CUST_02305,Belgium,43,793
CUST_02306,France,48,324
CUST_02307,Germany,61,1047
CUST_02308,Spain,29,1074
CUST_02309,Germany,34,1126
CUST_02310,France,32,871
CUST_02311,Netherlands,26,1089
CUST_02312,Italy,56,1286
CUST_02313,Netherlands,59,526
CUST_02314,Spain,65,235
CUST_02315,Belgium,29,455
CUST_02316,Germany,49,73
CUST_02317,France,42,1144
CUST_02318,France,56,634
CUST_02319,France,35,483
CUST_02320,France,32,624
CUST_02321,Belgium,49,1386
CUST_02322,Spain,23,536
CUST_02323,Spain,61,823
CUST_02324,France,60,50
CUST_02325,Italy,69,1281
CUST_02326,Belgium,52,1429
CUST_02327,Italy,51,1183
CUST_02328,Germany,55,649
CUST_02329,Spain,22,443
CUST_02330,Germany,35,1124
CUST_02331,France,33,1457
CUST_02332,Germany,25,1450
CUST_02333,Spain,42,366
CUST_02334,Spain,49,939
CUST_02335,Germany,43,305
CUST_02336,France,69,921
CUST_02337,Netherlands,39,42
CUST_02338,France,48,1056
CUST_02339,Germany,60,1007
CUST_02340,France,27,1277
CUST_02341,Italy,29,1003
CUST_02342,Germany,45,204
CUST_02343,Germany,23,1438
CUST_02344,France,37,270
CUST_02345,Belgium,22,576
CUST_02346,Spain,40,43
CUST_02347,Spain,26,1248
CUST_02348,France,46,1450
CUST_02349,Netherlands,33,1484
CUST_02350,Germany,63,1359
CUST_02351,Spain,39,1387
CUST_02352,Belgium,25,754
CUST_02353,Spain,37,1463
CUST_02354,Italy,68,32
CUST_02355,Spain,31,720
CUST_02356,Germany,56,776
CUST_02357,Belgium,54,798
CUST_02358,Germany,67,901
CUST_02359,Netherlands,51,524
CUST_02360,Germany,28,446
CUST_02361,Germany,57,1444
CUST_02362,France,50,1426
CUST_02363,France,48,657
CUST_02364,Netherlands,61,1105
CUST_02365,Netherlands,51,1429
CUST_02366,Germany,67,1448
CUST_02367,Germany,24,1050
CUST_02368,Netherlands,66,171
CUST_02369,France,40,1139
CUST_02370,Spain,63,75
CUST_02371,Spain,24,873
CUST_02372,Italy,42,1038
CUST_02373,Spain,20,1291
CUST_02374,France,55,39
CUST_02375,Spain,37,693
CUST_02376,France,51,602
CUST_02377,France,66,678
CUST_02378,Italy,61,942
CUST_02379,France,61,669
CUST_02380,Italy,47,645
CUST_02381,Italy,34,727
CUST_02382,Italy,27,938
CUST_02383,Belgium,52,207
CUST_02384,France,37,898
CUST_02385,France,35,1059
CUST_02386,Netherlands,62,882
CUST_02387,France,61,336
CUST_02388,Spain,44,577
CUST_02389,Spain,66,356
CUST_02390,Spain,53,1409
CUST_02391,France,40,424
CUST_02392,Germany,49,329
CUST_02393,France,27,778
CUST_02394,Germany,28,314
CUST_02395,Italy,55,359
CUST_02396,France,23,79
CUST_02397,Germany,58,802
CUST_02398,Germany,64,407
CUST_02399,Spain,51,1029
CUST_02400,Spain,53,803
CUST_02401,France,54,1197
CUST_02402,Germany,34,1113
CUST_02403,France,57,897
CUST_02404,France,57,1128
CUST_02405,Spain,29,32
CUST_02406,Spain,38,777
CUST_02407,France,57,304
CUST_02408,Germany,36,244
CUST_02409,Belgium,20,358
CUST_02410,Netherlands,35,284
CUST_02411,Spain,68,1440
CUST_02412,Germany,36,155
CUST_02413,Netherlands,64,796
CUST_02414,Germany,23,1377
CUST_02415,Netherlands,33,1257
CUST_02416,Belgium,25,1225
CUST_02417,France,65,246
CUST_02418,Germany,35,1298
CUST_02419,Germany,69,1389
CUST_02420,France,65,1351
CUST_02421,Germany,60,861
CUST_02422,Germany,56,211
CUST_02423,Italy,66,363
CUST_02424,Netherlands,66,540
CUST_02425,France,29,412
CUST_02426,Belgium,62,1252
CUST_02427,Germany,27,361
CUST_02428,Belgium,24,1218
CUST_02429,France,63,1295
CUST_02430,Italy,18,929
CUST_02431,Spain,66,671
CUST_02432,Italy,53,1280
CUST_02433,Belgium,38,663
CUST_02434,France,54,480
CUST_02435,Belgium,69,225
CUST_02436,France,41,1257
CUST_02437,France,42,487
CUST_02438,France,24,859
CUST_02439,Netherlands,59,286
CUST_02440,Germany,34,1325
CUST_02441,Netherlands,46,38
CUST_02442,Netherlands,47,790
CUST_02443,Italy,24,978
CUST_02444,Italy,50,1254
CUST_02445,France,24,1112
CUST_02446,France,41,916
CUST_02447,France,28,422
CUST_02448,Germany,26,1172
CUST_02449,Germany,29,428
CUST_02450,France,52,360
CUST_02451,France,21,1320
CUST_02452,Belgium,53,509
CUST_02453,Netherlands,45,163
CUST_02454,France,30,945
CUST_02455,Netherlands,40,964
CUST_02456,Germany,36,384
CUST_02457,France,59,613
CUST_02458,Spain,54,654
CUST_02459,Netherlands,56,1160
CUST_02460,France,41,319
CUST_02461,Belgium,33,854
CUST_02462,Italy,50,658
CUST_02463,Spain,29,1048
CUST_02464,Netherlands,51,661
CUST_02465,Spain,24,1200
CUST_02466,Germany,28,356
CUST_02467,France,48,1468
CUST_02468,Germany,46,239
CUST_02469,Netherlands,30,1349
CUST_02470,Netherlands,48,1451
CUST_02471,Germany,19,1156
CUST_02472,Belgium,56,665
CUST_02473,Belgium,32,897
CUST_02474,Spain,28,1262
CUST_02475,Netherlands,51,457
CUST_02476,Italy,56,422
CUST_02477,Germany,21,855
CUST_02478,Italy,28,945
CUST_02479,Germany,46,1162
CUST_02480,Italy,19,377
CUST_02481,France,33,79
CUST_02482,Italy,56,945
CUST_02483,Belgium,30,1158
CUST_02484,Germany,54,1473
CUST_02485,Netherlands,34,1426
CUST_02486,Belgium,38,1080
CUST_02487,Netherlands,61,997
CUST_02488,Italy,36,829
CUST_02489,Netherlands,24,1326
CUST_02490,France,55,1046
CUST_02491,France,25,678
CUST_02492,Germany,30,1393
CUST_02493,Italy,54,330
CUST_02494,France,19,1318
CUST_02495,Netherlands,58,195
CUST_02496,Netherlands,28,345
CUST_02497,Netherlands,41,30
CUST_02498,Italy,23,1049
CUST_02499,Belgium,43,1314
CUST_02500,France,24,92
CUST_02501,Italy,56,512
CUST_02502,Italy,36,1374
CUST_02503,Netherlands,23,1254
CUST_02504,Belgium,60,251
CUST_02505,Germany,46,181
CUST_02506,Germany,60,673
CUST_02507,Italy,56,655
CUST_02508,France,19,246
CUST_02509,Italy,36,225
CUST_02510,Italy,21,1255
CUST_02511,Germany,23,1024
CUST_02512,Italy,66,1044
CUST_02513,France,54,676
CUST_02514,Netherlands,45,1287
CUST_02515,Spain,47,1194
CUST_02516,Belgium,24,737
CUST_02517,Germany,26,1110
CUST_02518,Netherlands,42,1195
CUST_02519,Spain,50,751
CUST_02520,Spain,18,669
CUST_02521,Spain,68,135
CUST_02522,Germany,23,194
CUST_02523,France,35,244
CUST_02524,France,27,1124
CUST_02525,Italy,45,119
CUST_02526,France,28,903
CUST_02527,Germany,50,1281
CUST_02528,Belgium,18,1132
CUST_02529,Germany,30,637
CUST_02530,Belgium,54,378
CUST_02531,Spain,37,923
CUST_02532,Italy,18,275
CUST_02533,France,69,301
CUST_02534,Germany,20,432
CUST_02535,Spain,35,1169
CUST_02536,Italy,58,1488
CUST_02537,Spain,31,1495
CUST_02538,Germany,48,1225
CUST_02539,Italy,44,1069
CUST_02540,Italy,34,990
CUST_02541,Spain,63,927
CUST_02542,Italy,46,1109
CUST_02543,Italy,53,1156
CUST_02544,Spain,54,313
CUST_02545,Germany,43,546
CUST_02546,Netherlands,34,647
CUST_02547,Germany,39,1331
CUST_02548,France,42,641
CUST_02549,France,19,779
CUST_02550,Germany,39,1322
CUST_02551,France,22,429
CUST_02552,Germany,21,115
CUST_02553,Italy,53,349
CUST_02554,Belgium,23,1085
CUST_02555,Germany,69,365
CUST_02556,Belgium,38,80
CUST_02557,Netherlands,30,1132
CUST_02558,France,54,203
CUST_02559,Germany,42,530
CUST_02560,Netherlands,43,105
CUST_02561,Italy,56,345
CUST_02562,Spain,37,1426
CUST_02563,Germany,50,1134
CUST_02564,Germany,31,726
CUST_02565,France,53,1039
CUST_02566,France,34,761
CUST_02567,Germany,38,1124
CUST_02568,France,63,998
CUST_02569,Italy,33,883
CUST_02570,Belgium,63,695
CUST_02571,France,33,681
CUST_02572,Belgium,37,1124
CUST_02573,France,46,75
CUST_02574,Netherlands,45,1100
CUST_02575,Germany,25,1475
CUST_02576,Spain,41,178
CUST_02577,Belgium,20,939
CUST_02578,Spain,42,1183
CUST_02579,France,36,485
CUST_02580,Spain,50,906
CUST_02581,Germany,19,995
CUST_02582,Italy,32,898
CUST_02583,Netherlands,39,958
CUST_02584,France,27,1053
CUST_02585,Netherlands,35,1030
CUST_02586,Spain,39,803
CUST_02587,Germany,63,273
CUST_02588,Spain,66,503
CUST_02589,Germany,44,411
CUST_02590,Spain,30,1156
CUST_02591,Italy,50,518
CUST_02592,Italy,22,1090
CUST_02593,Netherlands,43,1386
CUST_02594,Netherlands,30,426
CUST_02595,Germany,44,325
CUST_02596,Italy,31,136
CUST_02597,France,41,889
CUST_02598,Netherlands,20,983
CUST_02599,France,64,559
CUST_02600,Germany,68,1136
CUST_02601,Spain,66,963
CUST_02602,Germany,47,317
CUST_02603,Spain,52,735
CUST_02604,France,65,244
CUST_02605,Germany,31,1334
CUST_02606,Netherlands,29,761
CUST_02607,Germany,45,373
CUST_02608,France,61,223
CUST_02609,Spain,46,187
CUST_02610,Germany,60,494
CUST_02611,Italy,34,133
CUST_02612,Germany,57,63
CUST_02613,Germany,66,1155
CUST_02614,Spain,38,668
CUST_02615,France,40,354
CUST_02616,Germany,37,720
CUST_02617,France,28,621
CUST_02618,France,51,170
CUST_02619,Italy,27,503
CUST_02620,France,27,1084
CUST_02621,Italy,60,913
CUST_02622,Italy,23,92
CUST_02623,France,53,1140
CUST_02624,Belgium,41,333
CUST_02625,France,29,1114
CUST_02626,Belgium,60,425
CUST_02627,Germany,40,363
CUST_02628,Spain,44,815
CUST_02629,Netherlands,62,440
CUST_02630,France,54,313
CUST_02631,Spain,23,495
CUST_02632,Spain,18,109
CUST_02633,Germany,23,813
CUST_02634,Germany,67,1130
CUST_02635,Spain,39,762
CUST_02636,Spain,58,1414
CUST_02637,Belgium,41,106
CUST_02638,Italy,42,538
CUST_02639,Belgium,32,1217
CUST_02640,Spain,43,1062
CUST_02641,France,25,1228
CUST_02642,Germany,68,491
CUST_02643,Italy,41,1360
CUST_02644,Spain,65,274
CUST_02645,Germany,55,151
CUST_02646,France,23,214
CUST_02647,Belgium,52,61
CUST_02648,Netherlands,59,1027
CUST_02649,France,18,791
CUST_02650,Netherlands,63,598
CUST_02651,Germany,53,339
CUST_02652,France,29,1425
CUST_02653,France,55,859
CUST_02654,Germany,28,1021
CUST_02655,Italy,29,1109
CUST_02656,France,59,820
CUST_02657,Italy,67,1326
CUST_02658,Italy,56,493
CUST_02659,Germany,24,707
CUST_02660,Spain,28,1008
CUST_02661,Netherlands,53,699
CUST_02662,Italy,69,1302
CUST_02663,Germany,48,727
CUST_02664,Spain,50,1023
CUST_02665,Spain,30,107
CUST_02666,France,35,563
CUST_02667,Germany,58,137
CUST_02668,Spain,41,1326
CUST_02669,Spain,26,793
CUST_02670,France,48,44
CUST_02671,Spain,58,399
CUST_02672,France,27,1357
CUST_02673,Spain,19,234
CUST_02674,Germany,55,1166
CUST_02675,Italy,32,894
CUST_02676,France,20,1306
CUST_02677,France,60,470
CUST_02678,Germany,48,1239
CUST_02679,Germany,23,888
CUST_02680,Netherlands,20,256
CUST_02681,France,28,557
CUST_02682,Italy,32,383
CUST_02683,Germany,62,652
CUST_02684,France,69,1054
CUST_02685,France,45,956
CUST_02686,Germany,27,1473
CUST_02687,Germany,55,1214
CUST_02688,France,64,190
CUST_02689,Netherlands,67,900
CUST_02690,France,67,1181
CUST_02691,Netherlands,24,1204
CUST_02692,Netherlands,32,473
CUST_02693,Germany,35,492
CUST_02694,Netherlands,35,1083
CUST_02695,Belgium,69,502
CUST_02696,Netherlands,58,586
CUST_02697,Spain,41,109
CUST_02698,France,19,1092
CUST_02699,Italy,57,269
CUST_02700,Italy,37,586
CUST_02701,Netherlands,51,619
CUST_02702,Belgium,60,1390
CUST_02703,Germany,43,1333
CUST_02704,Germany,24,1169
CUST_02705,Italy,55,298
CUST_02706,Italy,47,364
CUST_02707,Germany,59,341
CUST_02708,France,22,1106
CUST_02709,Germany,28,1121
CUST_02710,France,18,723
CUST_02711,Italy,51,63
CUST_02712,Netherlands,18,415
CUST_02713,France,36,278
CUST_02714,France,19,1164
CUST_02715,Germany,38,1147
CUST_02716,France,37,1463
CUST_02717,Spain,40,1232
CUST_02718,Belgium,38,1100
CUST_02719,Italy,41,823
CUST_02720,Germany,21,881
CUST_02721,Italy,29,903
CUST_02722,Italy,39,405
CUST_02723,Italy,37,753
CUST_02724,Netherlands,35,231
CUST_02725,France,18,474
CUST_02726,France,47,326
CUST_02727,Germany,50,1361
CUST_02728,Germany,41,522
CUST_02729,Germany,31,367
CUST_02730,Netherlands,53,952
CUST_02731,Spain,22,1119
CUST_02732,Netherlands,28,821
CUST_02733,Germany,41,1475
CUST_02734,Belgium,48,991
CUST_02735,Belgium,30,346
CUST_02736,Italy,33,971
CUST_02737,Belgium,41,655
CUST_02738,Netherlands,30,104
CUST_02739,Belgium,41,968
CUST_02740,Germany,43,88
CUST_02741,France,19,415
CUST_02742,Germany,33,44
CUST_02743,Germany,55,1284
CUST_02744,Germany,63,228
CUST_02745,Spain,18,1407
CUST_02746,Italy,66,64
CUST_02747,Netherlands,28,191
CUST_02748,Germany,68,1011
CUST_02749,Italy,52,828
CUST_02750,Spain,60,924
CUST_02751,France,46,500
CUST_02752,Spain,54,560
CUST_02753,France,34,821
CUST_02754,France,56,881
CUST_02755,Belgium,59,1476
CUST_02756,France,45,377
CUST_02757,Netherlands,46,723
CUST_02758,Italy,60,964
CUST_02759,Spain,20,942
CUST_02760,Germany,69,176
CUST_02761,Germany,27,1427
CUST_02762,Germany,59,704
CUST_02763,Spain,31,1469
CUST_02764,France,29,716
CUST_02765,Germany,64,1309
CUST_02766,Belgium,59,989
CUST_02767,Netherlands,47,715
CUST_02768,Germany,49,1156
CUST_02769,Netherlands,49,150
CUST_02770,Spain,59,448
CUST_02771,Germany,49,379
CUST_02772,France,43,71
CUST_02773,Italy,68,1420
CUST_02774,Netherlands,18,58
CUST_02775,Netherlands,59,995
CUST_02776,France,19,814
CUST_02777,Germany,34,43
CUST_02778,Germany,47,949
CUST_02779,France,56,847
CUST_02780,Germany,24,854
CUST_02781,Germany,69,1242
CUST_02782,Italy,44,901
CUST_02783,Belgium,26,324
CUST_02784,Italy,39,1236
CUST_02785,Italy,51,893
CUST_02786,Germany,63,577
CUST_02787,Belgium,66,1090
CUST_02788,Germany,18,1037
CUST_02789,Belgium,26,1067
CUST_02790,Belgium,37,664
CUST_02791,Spain,36,624
CUST_02792,Belgium,53,1212
CUST_02793,Netherlands,57,1382
CUST_02794,France,62,643
CUST_02795,France,21,1136
CUST_02796,Netherlands,26,1075
CUST_02797,Germany,58,1185
CUST_02798,Spain,39,494
CUST_02799,Belgium,35,1355
CUST_02800,Germany,29,984
CUST_02801,Italy,59,959
CUST_02802,Belgium,60,1320
CUST_02803,Belgium,56,828
CUST_02804,Belgium,26,424
CUST_02805,Netherlands,23,1173
CUST_02806,Belgium,36,275
CUST_02807,Italy,65,597
CUST_02808,Germany,64,67
CUST_02809,Netherlands,24,274
CUST_02810,Spain,33,50
CUST_02811,Germany,22,1163
CUST_02812,Spain,33,423
CUST_02813,Spain,18,1463
CUST_02814,Germany,68,1016
CUST_02815,Netherlands,54,37
CUST_02816,Italy,56,1497
CUST_02817,Netherlands,36,357
CUST_02818,Germany,54,319
CUST_02819,Germany,34,540
CUST_02820,France,43,941
CUST_02821,Belgium,39,390
CUST_02822,Germany,25,745
CUST_02823,Spain,50,248
CUST_02824,Germany,19,435
CUST_02825,France,47,782
CUST_02826,Italy,64,952
CUST_02827,Spain,37,861
CUST_02828,Germany,35,823
CUST_02829,France,60,1273
CUST_02830,Germany,27,624
CUST_02831,Netherlands,41,136
CUST_02832,Spain,21,610
CUST_02833,Germany,54,638
CUST_02834,France,21,1339
CUST_02835,France,30,37
CUST_02836,Belgium,42,835
CUST_02837,Belgium,30,218
CUST_02838,Germany,35,110
CUST_02839,Italy,41,137
CUST_02840,France,19,1374
CUST_02841,France,65,715
CUST_02842,Italy,50,375
CUST_02843,Belgium,36,357
CUST_02844,Belgium,26,584
CUST_02845,Netherlands,45,331
CUST_02846,France,52,229
CUST_02847,Italy,56,922
CUST_02848,France,27,1472
CUST_02849,Netherlands,18,1092
CUST_02850,France,59,336
CUST_02851,Spain,38,1057
CUST_02852,Germany,26,1130
CUST_02853,Germany,64,497
CUST_02854,Belgium,32,208
CUST_02855,Germany,52,674
CUST_02856,Netherlands,22,305
CUST_02857,Germany,58,1205
CUST_02858,Germany,39,1217
CUST_02859,Germany,58,1343
CUST_02860,Germany,40,1431
CUST_02861,Italy,24,650
CUST_02862,France,40,667
CUST_02863,Belgium,61,1363
CUST_02864,Netherlands,42,959
CUST_02865,France,44,1442
CUST_02866,Netherlands,58,212
CUST_02867,Netherlands,23,1359
CUST_02868,Italy,51,101
CUST_02869,France,26,1272
CUST_02870,France,66,748
CUST_02871,Italy,50,1226
CUST_02872,Belgium,68,1325
CUST_02873,Italy,23,755
CUST_02874,France,54,298
CUST_02875,Italy,48,1073
CUST_02876,Netherlands,51,607
CUST_02877,Netherlands,58,1024
CUST_02878,Germany,46,844
CUST_02879,Netherlands,31,176
CUST_02880,Germany,53,1482
CUST_02881,France,53,1218
CUST_02882,Italy,32,919
CUST_02883,Germany,25,339
CUST_02884,Germany,43,547
CUST_02885,Germany,53,43
CUST_02886,Belgium,65,161
CUST_02887,Netherlands,38,784
CUST_02888,France,45,468
CUST_02889,Italy,21,772
CUST_02890,Italy,33,769
CUST_02891,France,39,824
CUST_02892,Spain,29,292
CUST_02893,Italy,33,672
CUST_02894,Spain,68,1278
CUST_02895,Germany,57,287
CUST_02896,Italy,55,1287
CUST_02897,Netherlands,59,1389
CUST_02898,France,54,438
CUST_02899,France,46,1004
CUST_02900,Germany,35,1077
CUST_02901,Germany,27,300
CUST_02902,Italy,59,1148
CUST_02903,Germany,56,171
CUST_02904,France,35,931
CUST_02905,Netherlands,18,1003
CUST_02906,Germany,56,1134
CUST_02907,Belgium,38,303
CUST_02908,Germany,18,305
CUST_02909,France,32,494
CUST_02910,France,21,1261
CUST_02911,Germany,37,1349
CUST_02912,Germany,27,1092
CUST_02913,Spain,40,317
CUST_02914,Belgium,58,1177
CUST_02915,Germany,51,905
CUST_02916,Spain,63,1336
CUST_02917,Spain,65,907
CUST_02918,Italy,50,209
CUST_02919,France,51,1150
CUST_02920,France,56,1244
CUST_02921,France,27,1127
CUST_02922,Spain,37,476
CUST_02923,Italy,18,814
CUST_02924,Germany,30,590
CUST_02925,France,18,513
CUST_02926,Belgium,22,878
CUST_02927,Italy,33,751
CUST_02928,Belgium,32,145
CUST_02929,Italy,66,564
CUST_02930,France,45,1151
CUST_02931,Netherlands,48,1381
CUST_02932,Spain,40,436
CUST_02933,Germany,65,1366
CUST_02934,Netherlands,62,723
CUST_02935,Spain,60,1201
CUST_02936,Germany,34,1395
CUST_02937,Italy,66,524
CUST_02938,Netherlands,51,977
CUST_02939,Belgium,30,52
CUST_02940,Germany,31,1158
CUST_02941,France,28,587
CUST_02942,Spain,45,970
CUST_02943,France,59,1275
CUST_02944,Spain,49,884
CUST_02945,Italy,52,1068
CUST_02946,Germany,48,920
CUST_02947,Netherlands,34,107
CUST_02948,Netherlands,64,1375
CUST_02949,France,26,836
CUST_02950,Belgium,27,1294
CUST_02951,Italy,25,1071
CUST_02952,Spain,38,797
CUST_02953,Spain,30,483
CUST_02954,Netherlands,67,1496
CUST_02955,Belgium,22,957
CUST_02956,Spain,23,306
CUST_02957,Spain,47,1477
CUST_02958,Italy,48,1080
CUST_02959,France,34,543
CUST_02960,Italy,28,493
CUST_02961,Germany,37,836
CUST_02962,France,65,853
CUST_02963,France,26,392
CUST_02964,Belgium,19,1436
CUST_02965,Italy,54,780
CUST_02966,Spain,18,554
CUST_02967,Spain,21,1435
CUST_02968,Netherlands,53,1237
CUST_02969,Belgium,42,1247
CUST_02970,Netherlands,20,85
CUST_02971,France,26,1283
CUST_02972,Germany,39,518
CUST_02973,Italy,40,1081
CUST_02974,Spain,29,751
CUST_02975,France,27,1237
CUST_02976,Germany,51,1478
CUST_02977,Italy,60,1428
CUST_02978,Germany,27,70
CUST_02979,Spain,47,1033
CUST_02980,Belgium,39,289
CUST_02981,France,23,470
CUST_02982,Germany,67,955
CUST_02983,Spain,19,885
CUST_02984,Italy,47,113
CUST_02985,Netherlands,19,75
CUST_02986,Belgium,49,469
CUST_02987,Germany,59,1015
CUST_02988,Netherlands,33,1491
CUST_02989,Spain,29,165
CUST_02990,Italy,18,1236
CUST_02991,Germany,25,1225
CUST_02992,Italy,65,938
CUST_02993,Netherlands,67,890
CUST_02994,France,30,817
CUST_02995,Germany,32,619
CUST_02996,Italy,61,985
CUST_02997,Germany,25,719
CUST_02998,France,27,568
CUST_02999,France,63,1173
CUST_03000,Italy,22,1334
CUST_03001,Spain,67,1361
CUST_03002,Italy,36,737
CUST_03003,France,64,1330
CUST_03004,Spain,55,324
CUST_03005,Netherlands,28,82
CUST_03006,Italy,60,835
CUST_03007,Belgium,37,1485
CUST_03008,Germany,37,81
CUST_03009,Spain,38,757
CUST_03010,Germany,35,101
CUST_03011,Netherlands,67,57
CUST_03012,France,27,498
CUST_03013,France,51,793
CUST_03014,France,43,915
CUST_03015,Spain,47,941
CUST_03016,France,26,576
CUST_03017,Spain,63,1454
CUST_03018,France,68,230
CUST_03019,Germany,48,849
CUST_03020,Italy,59,589
CUST_03021,France,21,408
CUST_03022,France,23,1230
CUST_03023,Spain,31,1105
CUST_03024,France,21,108
CUST_03025,Germany,43,1438
CUST_03026,France,64,863
CUST_03027,Belgium,65,1061
CUST_03028,Spain,56,1267
CUST_03029,Spain,34,54
CUST_03030,Spain,36,479
CUST_03031,Germany,68,797
CUST_03032,France,66,784
CUST_03033,Italy,23,227
CUST_03034,Germany,46,1147
CUST_03035,France,28,466
CUST_03036,France,33,719
CUST_03037,France,47,1431
CUST_03038,Belgium,42,616
CUST_03039,Germany,57,133
CUST_03040,Netherlands,28,656
CUST_03041,Germany,24,1092
CUST_03042,Belgium,43,487
CUST_03043,Germany,39,393
CUST_03044,France,42,164
CUST_03045,Spain,36,403
CUST_03046,Spain,48,1285
CUST_03047,France,43,68
CUST_03048,France,59,848
CUST_03049,France,58,76
CUST_03050,France,53,65
CUST_03051,Germany,40,124
CUST_03052,Netherlands,64,1014
CUST_03053,France,30,1414
CUST_03054,France,42,1199
CUST_03055,Spain,19,397
CUST_03056,Belgium,19,94
CUST_03057,Spain,33,1281
CUST_03058,Germany,26,783
CUST_03059,Germany,45,845
CUST_03060,Belgium,30,785
CUST_03061,France,52,210
CUST_03062,Germany,58,626
CUST_03063,Netherlands,30,1208
CUST_03064,Spain,48,816
CUST_03065,Spain,38,656
CUST_03066,France,49,1488
CUST_03067,Germany,51,1152
CUST_03068,Belgium,25,645
CUST_03069,France,58,1425
CUST_03070,Spain,65,1415
CUST_03071,Spain,19,141
CUST_03072,Spain,55,482
CUST_03073,France,49,785
CUST_03074,France,57,1222
CUST_03075,Netherlands,45,613
CUST_03076,Italy,54,168
CUST_03077,Belgium,58,260
CUST_03078,Germany,18,1292
CUST_03079,Germany,58,1013
CUST_03080,Belgium,27,282
CUST_03081,Spain,21,1489
CUST_03082,Italy,52,590
CUST_03083,Germany,27,1475
CUST_03084,Netherlands,64,1356
CUST_03085,Spain,28,101
CUST_03086,Spain,31,1316
CUST_03087,France,55,251
CUST_03088,Germany,29,1130
CUST_03089,Netherlands,62,91
CUST_03090,France,34,1210
CUST_03091,Netherlands,33,835
CUST_03092,Belgium,52,154
CUST_03093,France,19,770
CUST_03094,Italy,28,190
CUST_03095,Germany,58,570
CUST_03096,Spain,20,655
CUST_03097,Belgium,46,135
CUST_03098,Germany,35,1184
CUST_03099,Germany,37,1410
CUST_03100,France,64,805
CUST_03101,Germany,31,31
CUST_03102,Spain,51,262
CUST_03103,Belgium,66,398
CUST_03104,France,48,1304
CUST_03105,France,57,975
CUST_03106,France,59,1161
CUST_03107,Spain,35,1329
CUST_03108,Germany,47,209
CUST_03109,Netherlands,42,322
CUST_03110,Spain,36,613
CUST_03111,Spain,25,824
CUST_03112,Germany,45,204
CUST_03113,Spain,25,152
CUST_03114,Germany,48,256
CUST_03115,Germany,20,473
CUST_03116,Italy,20,457
CUST_03117,Spain,61,1136
CUST_03118,Germany,39,794
CUST_03119,Germany,34,661
CUST_03120,Germany,53,94
CUST_03121,France,34,1334
CUST_03122,Germany,31,1444
CUST_03123,Germany,68,457
CUST_03124,Netherlands,26,647
CUST_03125,Spain,47,954
CUST_03126,Spain,38,841
CUST_03127,Spain,29,136
CUST_03128,Germany,54,688
CUST_03129,Belgium,49,1315
CUST_03130,Italy,28,1212
CUST_03131,Italy,37,294
CUST_03132,Italy,52,1255
CUST_03133,Belgium,64,184
CUST_03134,Netherlands,63,1066
CUST_03135,Germany,28,1350
CUST_03136,Spain,69,925
CUST_03137,Spain,25,1022
CUST_03138,Spain,21,274
CUST_03139,Netherlands,44,1353
CUST_03140,Germany,61,1415
CUST_03141,France,57,1407
CUST_03142,Belgium,55,415
CUST_03143,Netherlands,64,788
CUST_03144,Netherlands,47,1365
CUST_03145,France,61,443
CUST_03146,France,65,1331
CUST_03147,Italy,65,744
CUST_03148,Spain,44,788
CUST_03149,Italy,38,776
CUST_03150,Netherlands,69,622
CUST_03151,Spain,37,1409
CUST_03152,Germany,21,868
CUST_03153,Spain,28,45
CUST_03154,France,30,1022
CUST_03155,France,26,1098
CUST_03156,Spain,21,1374
CUST_03157,Belgium,29,680
CUST_03158,Germany,26,1379
CUST_03159,Italy,30,177
CUST_03160,France,65,384
CUST_03161,France,43,1289
CUST_03162,Germany,55,732
CUST_03163,France,59,642
CUST_03164,Netherlands,30,134
CUST_03165,Germany,56,425
CUST_03166,Netherlands,45,1499
CUST_03167,Belgium,36,635
CUST_03168,Germany,41,1273
CUST_03169,Italy,36,880
CUST_03170,France,66,471
CUST_03171,Spain,30,902
CUST_03172,France,30,696
CUST_03173,Germany,45,1081
CUST_03174,Germany,19,823
CUST_03175,Germany,27,504
CUST_03176,Germany,39,657
CUST_03177,Spain,30,1358
CUST_03178,Italy,26,1458
CUST_03179,Italy,50,531
CUST_03180,Spain,31,377
CUST_03181,Germany,65,1293
CUST_03182,France,37,1047
CUST_03183,France,32,599
CUST_03184,Germany,49,724
CUST_03185,Netherlands,50,1390
CUST_03186,Netherlands,34,55
CUST_03187,France,41,1462
CUST_03188,France,47,1130
CUST_03189,Italy,30,246
CUST_03190,Italy,64,1381
CUST_03191,France,65,866
CUST_03192,Belgium,33,803
CUST_03193,Belgium,19,1076
CUST_03194,France,34,699
CUST_03195,France,49,747
CUST_03196,Netherlands,60,339
CUST_03197,Belgium,25,628
CUST_03198,Italy,69,296
CUST_03199,Germany,20,1468
CUST_03200,France,29,675
CUST_03201,Netherlands,37,1320
CUST_03202,Netherlands,33,1386
CUST_03203,Germany,31,1052
CUST_03204,Italy,33,479
CUST_03205,Spain,66,594
CUST_03206,Italy,60,1300
CUST_03207,Italy,66,1089
CUST_03208,Spain,68,1454
CUST_03209,France,50,57
CUST_03210,Spain,47,249
CUST_03211,Germany,29,435
CUST_03212,Spain,32,300
CUST_03213,Germany,35,821
CUST_03214,Spain,45,992
CUST_03215,Germany,40,1339
CUST_03216,Germany,31,863
CUST_03217,Germany,47,346
CUST_03218,Germany,50,1350
CUST_03219,Spain,62,367
CUST_03220,Spain,32,1360
CUST_03221,Netherlands,24,1481
CUST_03222,Germany,32,380
CUST_03223,Germany,69,540
CUST_03224,Germany,59,554
CUST_03225,Germany,63,521
CUST_03226,Italy,55,38
CUST_03227,Germany,63,590
CUST_03228,France,61,469
CUST_03229,Germany,28,821
CUST_03230,Germany,46,1161
CUST_03231,Netherlands,48,1298
CUST_03232,Spain,42,1308
CUST_03233,Germany,69,62
CUST_03234,Germany,41,1076
CUST_03235,France,36,874
CUST_03236,Germany,19,595
CUST_03237,Germany,39,78
CUST_03238,Belgium,37,491
CUST_03239,Spain,50,619
CUST_03240,Netherlands,25,365
CUST_03241,France,42,1411
CUST_03242,France,63,1175
CUST_03243,Netherlands,26,1497
CUST_03244,Spain,51,388
CUST_03245,Spain,40,375
CUST_03246,Germany,22,222
CUST_03247,Netherlands,42,1469
CUST_03248,France,25,1430
CUST_03249,Italy,33,785
CUST_03250,Spain,65,1199
CUST_03251,Netherlands,62,507
CUST_03252,Germany,69,857
CUST_03253,Spain,32,919
CUST_03254,Germany,18,682
CUST_03255,France,39,437
CUST_03256,Germany,20,315
CUST_03257,Spain,55,880
CUST_03258,Germany,31,140
CUST_03259,France,53,649
CUST_03260,Italy,35,822
CUST_03261,Germany,64,79
CUST_03262,Netherlands,58,1067
CUST_03263,France,35,1187
CUST_03264,Germany,20,617
CUST_03265,Italy,27,625
CUST_03266,Germany,66,1396
CUST_03267,Netherlands,56,699
CUST_03268,Netherlands,64,1339
CUST_03269,Spain,18,343
CUST_03270,Spain,44,635
CUST_03271,France,44,326
CUST_03272,Germany,28,598
CUST_03273,Spain,66,1217
CUST_03274,Netherlands,22,861
CUST_03275,Italy,24,639
CUST_03276,Italy,36,45
CUST_03277,Italy,46,1397
CUST_03278,Netherlands,32,1131
CUST_03279,France,52,1399
CUST_03280,Italy,64,101
CUST_03281,Netherlands,54,299
CUST_03282,Germany,29,316
CUST_03283,Italy,47,95
CUST_03284,Italy,37,909
CUST_03285,Netherlands,54,97
CUST_03286,Germany,20,1246
CUST_03287,France,26,1108
CUST_03288,Italy,58,1009
CUST_03289,Belgium,56,1432
CUST_03290,Germany,43,1003
CUST_03291,Germany,19,1221
CUST_03292,Italy,40,1462
CUST_03293,France,40,537
CUST_03294,Netherlands,38,866
CUST_03295,Belgium,33,1155
CUST_03296,Germany,26,915
CUST_03297,Spain,30,823
CUST_03298,Germany,45,451
CUST_03299,France,44,804
CUST_03300,Italy,68,507
CUST_03301,France,69,955
CUST_03302,Belgium,34,149
CUST_03303,Netherlands,55,1344
CUST_03304,France,53,517
CUST_03305,Germany,18,1214
CUST_03306,France,35,107
CUST_03307,France,68,1091
CUST_03308,Germany,26,1447
CUST_03309,France,30,470
CUST_03310,Netherlands,57,491
CUST_03311,Spain,62,641
CUST_03312,Spain,32,1347
CUST_03313,Spain,60,1453
CUST_03314,Germany,61,946
CUST_03315,Germany,63,1145
CUST_03316,Spain,21,638
CUST_03317,Netherlands,50,35
CUST_03318,Germany,41,710
CUST_03319,Italy,53,924
CUST_03320,Italy,68,300
CUST_03321,Netherlands,58,840
CUST_03322,Germany,27,588
CUST_03323,Italy,53,128
CUST_03324,Netherlands,37,555
CUST_03325,Italy,58,223
CUST_03326,Italy,62,1210
CUST_03327,Italy,61,1168
CUST_03328,Netherlands,28,425
CUST_03329,Germany,29,799
CUST_03330,Spain,35,1053
CUST_03331,Spain,47,909
CUST_03332,Spain,61,1267
CUST_03333,Germany,65,774
CUST_03334,Germany,54,712
CUST_03335,Italy,37,44
CUST_03336,Spain,42,1472
CUST_03337,Belgium,29,397
CUST_03338,Italy,38,667
CUST_03339,Netherlands,42,882
CUST_03340,Spain,28,1266
CUST_03341,Italy,26,729
CUST_03342,Netherlands,67,34
CUST_03343,Spain,42,260
CUST_03344,Germany,52,1254
CUST_03345,Netherlands,69,1455
CUST_03346,Spain,49,1202
CUST_03347,France,66,1041
CUST_03348,Germany,31,1279
CUST_03349,France,18,615
CUST_03350,Germany,34,198
CUST_03351,Germany,42,790
CUST_03352,France,25,821
CUST_03353,Belgium,22,1029
CUST_03354,Netherlands,22,181
CUST_03355,Germany,58,1045
CUST_03356,Germany,52,253
CUST_03357,Spain,36,533
CUST_03358,France,40,73
CUST_03359,Italy,26,726
CUST_03360,Spain,47,533
CUST_03361,Italy,67,1294
CUST_03362,France,33,959
CUST_03363,Spain,50,872
CUST_03364,France,19,380
CUST_03365,Belgium,31,52
CUST_03366,Spain,63,627
CUST_03367,France,18,1096
CUST_03368,France,43,495
CUST_03369,Germany,42,69
CUST_03370,Spain,33,332
CUST_03371,Germany,32,204
CUST_03372,Netherlands,43,1028
CUST_03373,France,64,650
CUST_03374,Spain,61,1246
CUST_03375,Italy,33,273
CUST_03376,Italy,31,865
CUST_03377,Italy,46,309
CUST_03378,Germany,41,1089
CUST_03379,Germany,64,586
CUST_03380,Spain,32,927
CUST_03381,France,36,1207
CUST_03382,France,25,1076
CUST_03383,Germany,51,748
CUST_03384,France,19,961
CUST_03385,Germany,44,120
CUST_03386,Italy,27,419
CUST_03387,Germany,52,1412
CUST_03388,Netherlands,40,579
CUST_03389,Germany,66,960
CUST_03390,Spain,25,1281
CUST_03391,France,45,1255
CUST_03392,Italy,40,1403
CUST_03393,Italy,21,1091
CUST_03394,France,31,762
CUST_03395,Belgium,59,529
CUST_03396,Belgium,46,1096
CUST_03397,Italy,18,900
CUST_03398,Italy,21,546
CUST_03399,Germany,49,97
CUST_03400,Netherlands,50,152
CUST_03401,Germany,66,365
CUST_03402,Germany,43,1206
CUST_03403,Belgium,34,1003
CUST_03404,France,56,808
CUST_03405,Spain,40,1215
CUST_03406,Italy,49,1267
CUST_03407,Italy,69,1429
CUST_03408,Belgium,32,1496
CUST_03409,Germany,30,452
CUST_03410,Germany,19,968
CUST_03411,France,36,833
CUST_03412,Germany,41,663
CUST_03413,Germany,62,1283
CUST_03414,France,41,1112
CUST_03415,Italy,28,125
CUST_03416,Netherlands,39,1315
CUST_03417,France,32,383
CUST_03418,Spain,27,1365
CUST_03419,Germany,58,1189
CUST_03420,Germany,44,996
CUST_03421,Italy,26,952
CUST_03422,Spain,69,502
CUST_03423,Italy,45,459
CUST_03424,Germany,18,1004
CUST_03425,Italy,34,566
CUST_03426,Spain,48,1199
CUST_03427,Netherlands,61,116
CUST_03428,Spain,27,138
CUST_03429,Italy,54,1476
CUST_03430,Netherlands,46,1398
CUST_03431,Netherlands,35,1319
CUST_03432,Belgium,64,1023
CUST_03433,Italy,55,1386
CUST_03434,France,56,851
CUST_03435,Spain,66,1466
CUST_03436,France,23,966
CUST_03437,Germany,57,1034
CUST_03438,Netherlands,29,678
CUST_03439,Belgium,31,220
CUST_03440,Belgium,61,962
CUST_03441,France,27,171
CUST_03442,Netherlands,37,1126
CUST_03443,Germany,32,869
CUST_03444,Belgium,48,1220
CUST_03445,Belgium,24,197
CUST_03446,Spain,58,595
CUST_03447,Italy,27,1312
CUST_03448,Spain,27,1492
CUST_03449,Netherlands,65,1164
CUST_03450,Germany,56,773
CUST_03451,Netherlands,45,702
CUST_03452,Spain,47,893
CUST_03453,Spain,54,868
CUST_03454,France,20,560
CUST_03455,Belgium,67,1343
CUST_03456,Germany,60,1003
CUST_03457,Netherlands,32,591
CUST_03458,Spain,38,204
CUST_03459,Spain,69,331
CUST_03460,Spain,54,214
CUST_03461,France,29,1392
CUST_03462,Germany,21,539
CUST_03463,Spain,64,848
CUST_03464,Netherlands,26,1363
CUST_03465,Germany,56,1399
CUST_03466,Spain,59,1134
CUST_03467,Netherlands,45,1427
CUST_03468,Spain,40,185
CUST_03469,Italy,62,816
CUST_03470,Germany,57,824
CUST_03471,Germany,61,461
CUST_03472,Italy,39,790
CUST_03473,Spain,41,176
CUST_03474,Spain,68,510
CUST_03475,Italy,43,464
CUST_03476,Italy,47,98
CUST_03477,Belgium,50,904
CUST_03478,Netherlands,33,215
CUST_03479,Netherlands,39,933
CUST_03480,France,66,711
CUST_03481,Germany,67,233
CUST_03482,Netherlands,60,583
CUST_03483,France,35,42
CUST_03484,Belgium,24,695
CUST_03485,Netherlands,67,1327
CUST_03486,Netherlands,43,1351
CUST_03487,France,25,80
CUST_03488,Germany,23,529
CUST_03489,Germany,47,398
CUST_03490,France,56,753
CUST_03491,Germany,40,386
CUST_03492,Spain,49,1056
CUST_03493,Italy,39,1307
CUST_03494,Italy,59,876
CUST_03495,Spain,60,285
CUST_03496,Germany,62,1203
CUST_03497,Italy,26,308
CUST_03498,Italy,48,1112
CUST_03499,Germany,24,475
CUST_03500,Spain,26,142
CUST_03501,France,30,865
CUST_03502,Italy,20,784
CUST_03503,Belgium,52,1460
CUST_03504,Germany,50,396
CUST_03505,Italy,38,1113
CUST_03506,Spain,48,358
CUST_03507,Belgium,69,757
CUST_03508,Netherlands,51,1035
CUST_03509,Italy,49,749
CUST_03510,Germany,52,1116
CUST_03511,France,32,213
CUST_03512,Germany,49,1052
CUST_03513,Belgium,23,340
CUST_03514,Italy,62,206
CUST_03515,Italy,38,1482
CUST_03516,Belgium,50,1126
CUST_03517,Germany,49,876
CUST_03518,France,69,1220
CUST_03519,Germany,36,1278
CUST_03520,Germany,50,38
CUST_03521,Germany,45,265
CUST_03522,Netherlands,48,739
CUST_03523,France,38,953
CUST_03524,Germany,51,714
CUST_03525,Germany,32,823
CUST_03526,Germany,31,1081
CUST_03527,Belgium,36,837
CUST_03528,Italy,60,56
CUST_03529,Belgium,32,579
CUST_03530,France,23,1249
CUST_03531,France,69,1256
CUST_03532,Italy,26,114
CUST_03533,France,54,1083
CUST_03534,France,37,495
CUST_03535,Germany,51,1152
CUST_03536,Germany,55,1243
CUST_03537,France,43,41
CUST_03538,France,35,1042
CUST_03539,Spain,45,1083
CUST_03540,Germany,68,1091
CUST_03541,Germany,26,601
CUST_03542,Italy,49,1347
CUST_03543,Germany,23,1413
CUST_03544,France,31,943
CUST_03545,Italy,45,209
CUST_03546,Germany,41,826
CUST_03547,Germany,30,1165
CUST_03548,Netherlands,60,1497
CUST_03549,France,29,1074
CUST_03550,Netherlands,68,1198
CUST_03551,Italy,36,1199
CUST_03552,Germany,38,470
CUST_03553,Netherlands,44,916
CUST_03554,Netherlands,36,450
CUST_03555,Germany,41,1369
CUST_03556,Spain,43,1219
CUST_03557,France,62,1256
CUST_03558,Netherlands,45,497
CUST_03559,Germany,63,742
CUST_03560,Netherlands,35,414
CUST_03561,France,61,343
CUST_03562,Italy,53,800
CUST_03563,Germany,59,1308
CUST_03564,France,46,988
CUST_03565,Netherlands,34,946
CUST_03566,Spain,21,52
CUST_03567,Netherlands,61,368
CUST_03568,Spain,62,852
CUST_03569,Italy,46,395
CUST_03570,Italy,21,1425
CUST_03571,France,27,944
CUST_03572,Netherlands,42,1272
CUST_03573,Italy,48,504
CUST_03574,Belgium,20,1476
CUST_03575,Italy,64,1409
CUST_03576,France,19,56
CUST_03577,Germany,42,971
CUST_03578,Netherlands,66,831
CUST_03579,Spain,23,830
CUST_03580,Netherlands,43,889
CUST_03581,Netherlands,25,1276
CUST_03582,Italy,52,893
CUST_03583,France,44,719
CUST_03584,Italy,42,1201
CUST_03585,France,35,1477
CUST_03586,France,18,768
CUST_03587,Netherlands,65,1404
CUST_03588,Italy,56,1239
CUST_03589,Germany,20,444
CUST_03590,Germany,21,1011
CUST_03591,Belgium,58,458
CUST_03592,Germany,54,70
CUST_03593,Netherlands,68,934
CUST_03594,Netherlands,32,1041
CUST_03595,Netherlands,25,1446
CUST_03596,Spain,55,732
CUST_03597,Germany,67,108
CUST_03598,Netherlands,36,746
CUST_03599,France,64,573
CUST_03600,Spain,43,503
CUST_03601,Germany,56,1195
CUST_03602,Netherlands,27,1304
CUST_03603,Germany,55,323
CUST_03604,France,31,639
CUST_03605,Germany,66,165
CUST_03606,Germany,58,513
CUST_03607,Italy,36,1365
CUST_03608,France,47,843
CUST_03609,Belgium,22,584
CUST_03610,Belgium,48,75
CUST_03611,Netherlands,24,1289
CUST_03612,Germany,36,1101
CUST_03613,France,48,227
CUST_03614,Italy,69,113
CUST_03615,France,56,572
CUST_03616,Germany,41,1214
CUST_03617,Netherlands,51,1481
CUST_03618,Italy,40,100
CUST_03619,Italy,65,549
CUST_03620,Germany,62,927
CUST_03621,Spain,57,942
CUST_03622,Germany,23,1105
CUST_03623,Germany,55,1098
CUST_03624,Italy,58,322
CUST_03625,Germany,53,967
CUST_03626,France,44,841
CUST_03627,Germany,28,896
CUST_03628,Italy,22,409
CUST_03629,Italy,34,1036
CUST_03630,Spain,69,291
CUST_03631,Italy,24,609
CUST_03632,Germany,44,1232
CUST_03633,Netherlands,64,386
CUST_03634,France,32,1472
CUST_03635,Germany,63,727
CUST_03636,Netherlands,30,1254
CUST_03637,Belgium,28,1066
CUST_03638,Germany,62,472
CUST_03639,France,43,755
CUST_03640,Germany,39,315
CUST_03641,Germany,45,1311
CUST_03642,Belgium,41,599
CUST_03643,Netherlands,46,869
CUST_03644,Netherlands,26,527
CUST_03645,Italy,59,734
CUST_03646,Germany,21,1386
CUST_03647,Netherlands,66,591
CUST_03648,France,63,61
CUST_03649,Netherlands,35,72
CUST_03650,Belgium,60,1404
CUST_03651,Italy,33,1387
CUST_03652,France,50,588
CUST_03653,Italy,46,299
CUST_03654,Germany,56,1466
CUST_03655,Germany,27,972
CUST_03656,Germany,26,1072
CUST_03657,France,48,1400
CUST_03658,Netherlands,45,66
CUST_03659,Spain,20,121
CUST_03660,Belgium,31,214
CUST_03661,Netherlands,42,757
CUST_03662,Netherlands,32,1081
CUST_03663,Germany,19,401
CUST_03664,Germany,41,861
CUST_03665,Netherlands,31,374
CUST_03666,France,65,1472
CUST_03667,Italy,24,1249
CUST_03668,Germany,53,107
CUST_03669,Germany,67,196
CUST_03670,France,41,1143
CUST_03671,Germany,44,293
CUST_03672,Germany,54,1261
CUST_03673,Spain,55,753
CUST_03674,Germany,47,1324
CUST_03675,Spain,44,1316
CUST_03676,France,56,541
CUST_03677,Germany,32,605
CUST_03678,France,43,751
CUST_03679,Italy,18,1365
CUST_03680,France,21,1227
CUST_03681,Italy,46,460
CUST_03682,Germany,18,797
CUST_03683,Italy,60,492
CUST_03684,Germany,67,130
CUST_03685,Spain,63,1069
CUST_03686,Netherlands,39,1311
CUST_03687,Belgium,28,273
CUST_03688,France,27,1401
CUST_03689,Germany,34,1302
CUST_03690,Germany,53,134
CUST_03691,Italy,64,723
CUST_03692,Netherlands,43,1340
CUST_03693,Italy,65,1222
CUST_03694,Germany,38,1473
CUST_03695,France,30,1100
CUST_03696,Germany,26,1096
CUST_03697,Belgium,28,1374
CUST_03698,Spain,28,847
CUST_03699,Belgium,23,250
CUST_03700,France,18,1494
CUST_03701,Spain,23,173
CUST_03702,Spain,30,919
CUST_03703,France,39,1081
CUST_03704,Italy,48,819
CUST_03705,Belgium,39,582
CUST_03706,Italy,54,873
CUST_03707,Spain,64,688
CUST_03708,France,44,866
CUST_03709,France,67,1048
CUST_03710,Belgium,69,1220
CUST_03711,Germany,31,780
CUST_03712,Spain,64,278
CUST_03713,Spain,22,804
CUST_03714,Spain,53,793
CUST_03715,Belgium,49,1410
CUST_03716,France,51,1164
CUST_03717,France,24,721
CUST_03718,Germany,59,849
CUST_03719,France,65,748
CUST_03720,France,27,263
CUST_03721,France,67,53
CUST_03722,Italy,34,1079
CUST_03723,Belgium,47,1434
CUST_03724,Germany,38,1035
CUST_03725,France,30,1399
CUST_03726,Belgium,18,1431
CUST_03727,Germany,18,551
CUST_03728,Germany,64,46
CUST_03729,Germany,50,274
CUST_03730,Netherlands,55,747
CUST_03731,Germany,42,799
CUST_03732,Belgium,43,746
CUST_03733,France,30,1255
CUST_03734,Netherlands,45,1301
CUST_03735,Germany,50,147
CUST_03736,Netherlands,54,38
CUST_03737,Spain,58,627
CUST_03738,Italy,47,52
CUST_03739,Italy,66,269
CUST_03740,Netherlands,65,56
CUST_03741,Belgium,25,1013
CUST_03742,Italy,66,1134
CUST_03743,Italy,64,228
CUST_03744,Germany,18,804
CUST_03745,Germany,29,121
CUST_03746,Germany,22,880
CUST_03747,Spain,41,1137
CUST_03748,France,23,329
CUST_03749,France,42,325
CUST_03750,Italy,18,676
CUST_03751,Italy,42,1334
CUST_03752,Belgium,18,1030
CUST_03753,France,49,1112
CUST_03754,Spain,59,938
CUST_03755,France,59,900
CUST_03756,Germany,20,1395
CUST_03757,Germany,66,782
CUST_03758,France,36,371
CUST_03759,France,60,91
CUST_03760,Italy,46,805
CUST_03761,Germany,67,654
CUST_03762,Spain,19,1482
CUST_03763,Netherlands,26,285
CUST_03764,France,34,857
CUST_03765,Netherlands,63,1043
CUST_03766,France,53,1400
CUST_03767,Netherlands,34,1357
CUST_03768,France,66,644
CUST_03769,Germany,29,274
CUST_03770,Germany,37,786
CUST_03771,Netherlands,67,853
CUST_03772,Belgium,20,809
CUST_03773,France,60,761
CUST_03774,Spain,67,1465
CUST_03775,Spain,21,907
CUST_03776,Belgium,34,1270
CUST_03777,Italy,67,545
CUST_03778,Netherlands,54,503
CUST_03779,Spain,63,65
CUST_03780,Italy,59,1231
CUST_03781,France,32,1440
CUST_03782,France,50,1070
CUST_03783,Germany,33,859
CUST_03784,Italy,28,1101
CUST_03785,Italy,37,1115
CUST_03786,Germany,55,1122
CUST_03787,Netherlands,41,395
CUST_03788,Netherlands,33,1215
CUST_03789,Germany,47,974
CUST_03790,Belgium,51,1005
CUST_03791,Germany,18,460
CUST_03792,Germany,41,888
CUST_03793,Netherlands,41,259
CUST_03794,Spain,26,399
CUST_03795,Germany,39,207
CUST_03796,Spain,29,1463
CUST_03797,Netherlands,34,597
CUST_03798,Germany,42,1323
CUST_03799,Germany,45,1259
CUST_03800,Netherlands,32,822
CUST_03801,France,47,929
CUST_03802,Belgium,68,1004
CUST_03803,Italy,44,111
CUST_03804,Belgium,39,875
CUST_03805,France,27,791
CUST_03806,Belgium,48,1246
CUST_03807,France,44,647
CUST_03808,France,29,1242
CUST_03809,Germany,63,1329
CUST_03810,Germany,48,1127
CUST_03811,Spain,49,1063
CUST_03812,Netherlands,49,245
CUST_03813,Germany,58,319
CUST_03814,Spain,62,474
CUST_03815,France,52,952
CUST_03816,Netherlands,63,581
CUST_03817,France,38,222
CUST_03818,Italy,27,318
CUST_03819,Italy,33,612
CUST_03820,Netherlands,24,1197
CUST_03821,France,21,1442
CUST_03822,France,44,1460
CUST_03823,Italy,69,1423
CUST_03824,France,42,886
CUST_03825,Germany,48,1494
CUST_03826,Germany,28,810
CUST_03827,Netherlands,65,925
CUST_03828,Netherlands,37,949
CUST_03829,Italy,53,593
CUST_03830,Germany,34,42
CUST_03831,France,62,1016
CUST_03832,Italy,28,369
CUST_03833,Italy,47,894
CUST_03834,France,52,341
CUST_03835,Netherlands,58,762
CUST_03836,France,55,1157
CUST_03837,Belgium,39,368
CUST_03838,Germany,60,1251
CUST_03839,Belgium,65,329
CUST_03840,Spain,68,1497
CUST_03841,Netherlands,44,388
CUST_03842,Germany,54,1421
CUST_03843,Netherlands,63,198
CUST_03844,France,66,1202
CUST_03845,Germany,52,790
CUST_03846,Spain,21,797
CUST_03847,Belgium,33,1011
CUST_03848,Netherlands,33,71
CUST_03849,Spain,38,231
CUST_03850,Germany,43,999
CUST_03851,France,53,1297
CUST_03852,Germany,36,493
CUST_03853,Spain,34,478
CUST_03854,Belgium,62,942
CUST_03855,Spain,43,827
CUST_03856,Germany,39,823
CUST_03857,France,45,466
CUST_03858,Netherlands,18,560
CUST_03859,France,61,594
CUST_03860,Italy,53,1326
CUST_03861,Italy,60,1483
CUST_03862,Spain,54,901
CUST_03863,France,19,242
CUST_03864,France,34,978
CUST_03865,Germany,57,1157
CUST_03866,France,55,221
CUST_03867,France,38,1433
CUST_03868,Spain,26,1134
CUST_03869,Spain,30,734
CUST_03870,Germany,28,578
CUST_03871,France,33,1430
CUST_03872,Germany,33,183
CUST_03873,Germany,19,600
CUST_03874,Italy,59,269
CUST_03875,Germany,61,403
CUST_03876,France,25,834
CUST_03877,Germany,60,828
CUST_03878,Italy,59,1257
CUST_03879,Netherlands,30,640
CUST_03880,Germany,34,1403
CUST_03881,Netherlands,56,717
CUST_03882,Spain,41,803
CUST_03883,Belgium,20,172
CUST_03884,Germany,47,1242
CUST_03885,Italy,69,301
CUST_03886,Belgium,30,1353
CUST_03887,Belgium,36,455
CUST_03888,Spain,24,75
CUST_03889,Spain,26,124
CUST_03890,France,36,93
CUST_03891,Italy,62,442
CUST_03892,Netherlands,57,1062
CUST_03893,Spain,39,488
CUST_03894,France,35,1462
CUST_03895,Spain,40,499
CUST_03896,Italy,19,839
CUST_03897,Germany,67,535
CUST_03898,Italy,67,1126
CUST_03899,Netherlands,28,113
CUST_03900,Italy,48,88
CUST_03901,France,50,1074
CUST_03902,France,31,947
CUST_03903,Belgium,33,186
CUST_03904,France,28,1382
CUST_03905,Italy,50,605
CUST_03906,Netherlands,24,866
CUST_03907,Netherlands,48,709
CUST_03908,France,65,232
CUST_03909,Netherlands,63,1159
CUST_03910,France,64,1175
CUST_03911,Germany,31,347
CUST_03912,France,45,1235
CUST_03913,Germany,60,1369
CUST_03914,Belgium,33,435
CUST_03915,Belgium,36,1015
CUST_03916,France,34,978
CUST_03917,Spain,43,1123
CUST_03918,France,23,1213
CUST_03919,Spain,60,1293
CUST_03920,Italy,66,1191
CUST_03921,Belgium,26,524
CUST_03922,France,67,708
CUST_03923,Italy,34,1300
CUST_03924,France,48,1296
CUST_03925,Belgium,29,1389
CUST_03926,Germany,40,1475
CUST_03927,Spain,22,864
CUST_03928,Spain,60,223
CUST_03929,Spain,53,337
CUST_03930,Germany,53,535
CUST_03931,Belgium,20,310
CUST_03932,Germany,41,704
CUST_03933,Spain,34,962
CUST_03934,Germany,56,1492
CUST_03935,France,43,744
CUST_03936,Netherlands,21,637
CUST_03937,France,62,512
CUST_03938,Germany,29,1276
CUST_03939,Germany,18,146
CUST_03940,France,38,997
CUST_03941,Italy,36,221
CUST_03942,Italy,38,817
CUST_03943,Germany,69,647
CUST_03944,France,35,545
CUST_03945,Germany,60,336
CUST_03946,Germany,69,561
CUST_03947,Spain,20,151
CUST_03948,Spain,66,678
CUST_03949,Germany,61,621
CUST_03950,Germany,49,1207
CUST_03951,Germany,27,899
CUST_03952,Italy,57,1222
CUST_03953,Belgium,32,88
CUST_03954,Germany,22,330
CUST_03955,Germany,21,582
CUST_03956,Italy,45,1170
CUST_03957,Belgium,69,1180
CUST_03958,France,68,1458
CUST_03959,Germany,21,428
CUST_03960,Germany,32,544
CUST_03961,Netherlands,34,834
CUST_03962,France,61,527
CUST_03963,Germany,20,971
CUST_03964,Netherlands,27,557
CUST_03965,Germany,64,427
CUST_03966,Italy,59,1318
CUST_03967,France,40,1316
CUST_03968,Germany,35,1451
CUST_03969,Netherlands,18,465
CUST_03970,France,52,869
CUST_03971,Belgium,48,389
CUST_03972,Netherlands,61,1182
CUST_03973,France,18,893
CUST_03974,Spain,20,663
CUST_03975,France,20,1294
CUST_03976,Belgium,54,1275
CUST_03977,France,36,243
CUST_03978,Netherlands,46,945
CUST_03979,Germany,42,621
CUST_03980,France,50,164
CUST_03981,Italy,53,783
CUST_03982,Italy,46,415
CUST_03983,Germany,43,1356
CUST_03984,Germany,21,1340
CUST_03985,Italy,66,1242
CUST_03986,Belgium,31,1350
CUST_03987,Germany,67,418
CUST_03988,Netherlands,44,773
CUST_03989,France,50,1314
CUST_03990,Italy,39,733
CUST_03991,Germany,65,954
CUST_03992,Germany,20,802
CUST_03993,Italy,40,1166
CUST_03994,Germany,38,893
CUST_03995,Netherlands,58,1089
CUST_03996,France,40,108
CUST_03997,France,21,1328
CUST_03998,France,38,1331
CUST_03999,Netherlands,54,703
CUST_04000,Germany,60,341
CUST_04001,Netherlands,48,233
CUST_04002,Italy,38,1014
CUST_04003,Italy,43,46
CUST_04004,Germany,58,505
CUST_04005,Germany,52,1046
CUST_04006,France,55,239
CUST_04007,France,41,528
CUST_04008,France,28,1455
CUST_04009,Spain,58,458
CUST_04010,Germany,46,1131
CUST_04011,Germany,64,1133
CUST_04012,France,20,1359
CUST_04013,Spain,18,87
CUST_04014,Germany,69,1261
CUST_04015,Spain,36,1188
CUST_04016,France,63,1023
CUST_04017,Italy,66,551
CUST_04018,Italy,39,610
CUST_04019,France,31,928
CUST_04020,Germany,66,1136
CUST_04021,France,31,650
CUST_04022,Germany,61,1097
CUST_04023,Spain,33,995
CUST_04024,Italy,50,939
CUST_04025,Spain,30,522
CUST_04026,Italy,55,528
CUST_04027,France,66,1071
CUST_04028,Germany,29,634
CUST_04029,Spain,68,977
CUST_04030,France,55,323
CUST_04031,Spain,56,1201
CUST_04032,France,50,201
CUST_04033,Germany,50,560
CUST_04034,Belgium,46,1173
CUST_04035,Germany,22,95
CUST_04036,Belgium,23,170
CUST_04037,Belgium,48,475
CUST_04038,Italy,33,218
CUST_04039,Spain,48,187
CUST_04040,Netherlands,42,699
CUST_04041,Italy,65,275
CUST_04042,France,63,885
CUST_04043,Netherlands,50,973
CUST_04044,Spain,30,777
CUST_04045,France,69,1086
CUST_04046,France,27,1414
CUST_04047,France,41,359
CUST_04048,Netherlands,27,541
CUST_04049,Italy,58,879
CUST_04050,Germany,48,1124
CUST_04051,Belgium,30,1366
CUST_04052,Spain,20,108
CUST_04053,Italy,67,198
CUST_04054,Netherlands,69,839
CUST_04055,Italy,51,1012
CUST_04056,Germany,66,209
CUST_04057,Italy,45,289
CUST_04058,Germany,36,1058
CUST_04059,Italy,40,326
CUST_04060,Belgium,62,649
CUST_04061,France,49,884
CUST_04062,Germany,30,389
CUST_04063,Italy,50,146
CUST_04064,France,51,386
CUST_04065,Italy,50,986
CUST_04066,Germany,22,468
CUST_04067,Germany,20,1384
CUST_04068,Belgium,24,1241
CUST_04069,Spain,41,1334
CUST_04070,Italy,39,1168
CUST_04071,France,62,1289
CUST_04072,Spain,40,1391
CUST_04073,Netherlands,47,551
CUST_04074,Spain,35,228
CUST_04075,Spain,49,1103
CUST_04076,Netherlands,24,1195
CUST_04077,France,50,699
CUST_04078,France,22,1083
CUST_04079,Italy,66,1135
CUST_04080,Germany,45,60
CUST_04081,Spain,25,1037
CUST_04082,Germany,32,362
CUST_04083,Spain,69,689
CUST_04084,Spain,21,206
CUST_04085,Germany,51,399
CUST_04086,Germany,22,576
CUST_04087,Germany,50,564
CUST_04088,Spain,22,1159
CUST_04089,Italy,55,126
CUST_04090,Germany,51,259
CUST_04091,Spain,43,256
CUST_04092,France,18,400
CUST_04093,Netherlands,21,1153
CUST_04094,Belgium,56,1498
CUST_04095,France,43,84
CUST_04096,Netherlands,50,1248
CUST_04097,Germany,50,453
CUST_04098,Germany,25,344
CUST_04099,France,37,1181
CUST_04100,Germany,33,61
CUST_04101,Spain,38,122
CUST_04102,France,62,548
CUST_04103,Netherlands,43,1311
CUST_04104,Germany,40,882
CUST_04105,France,35,1273
CUST_04106,Spain,48,781
CUST_04107,Belgium,69,1159
CUST_04108,Germany,59,445
CUST_04109,Italy,29,586
CUST_04110,Netherlands,18,1362
CUST_04111,Netherlands,59,395
CUST_04112,Netherlands,26,628
CUST_04113,Germany,20,1423
CUST_04114,Germany,68,360
CUST_04115,Spain,43,718
CUST_04116,France,26,40
CUST_04117,Belgium,59,847
CUST_04118,France,68,448
CUST_04119,Germany,33,1175
CUST_04120,Spain,41,940
CUST_04121,France,67,1288
CUST_04122,Netherlands,31,1384
CUST_04123,Spain,20,377
CUST_04124,Belgium,51,987
CUST_04125,Italy,50,441
CUST_04126,Spain,67,1277
CUST_04127,Spain,41,182
CUST_04128,Belgium,26,1265
CUST_04129,France,30,121
CUST_04130,Germany,19,360
CUST_04131,France,24,984
CUST_04132,Germany,65,999
CUST_04133,Spain,38,583
CUST_04134,Spain,36,959
CUST_04135,Netherlands,42,1281
CUST_04136,Germany,64,223
CUST_04137,Spain,39,559
CUST_04138,France,28,874
CUST_04139,Spain,50,1296
CUST_04140,Netherlands,49,1442
CUST_04141,France,38,1329
CUST_04142,Germany,56,668
CUST_04143,Germany,37,507
CUST_04144,Italy,25,509
CUST_04145,Belgium,59,317
CUST_04146,Spain,54,727
CUST_04147,Germany,26,724
CUST_04148,France,42,569
CUST_04149,Spain,42,359
CUST_04150,Italy,50,499
CUST_04151,Germany,19,878
CUST_04152,Germany,36,563
CUST_04153,Spain,63,496
CUST_04154,France,37,1006
CUST_04155,France,59,449
CUST_04156,Germany,58,1175
CUST_04157,Netherlands,59,791
CUST_04158,Italy,46,1035
CUST_04159,Belgium,23,920
CUST_04160,Netherlands,34,337
CUST_04161,Netherlands,42,953
CUST_04162,Germany,55,363
CUST_04163,Netherlands,21,983
CUST_04164,France,47,1473
CUST_04165,Spain,37,1379
CUST_04166,France,20,1051
CUST_04167,Germany,40,818
CUST_04168,Germany,68,861
CUST_04169,France,35,873
CUST_04170,Germany,43,279
CUST_04171,Germany,53,1148
CUST_04172,Belgium,25,1349
CUST_04173,France,34,213
CUST_04174,Netherlands,48,1313
CUST_04175,Italy,54,828
CUST_04176,Belgium,62,215
CUST_04177,Netherlands,50,1462
CUST_04178,Italy,44,1122
CUST_04179,France,62,867
CUST_04180,France,21,656
CUST_04181,France,39,888
CUST_04182,Spain,43,37
CUST_04183,Spain,49,1318
CUST_04184,France,41,812
CUST_04185,Germany,63,804
CUST_04186,Spain,52,1036
CUST_04187,Germany,54,1424
CUST_04188,Netherlands,49,706
CUST_04189,Spain,24,1136
CUST_04190,Spain,50,240
CUST_04191,Italy,48,1366
CUST_04192,Italy,29,1390
CUST_04193,Netherlands,28,519
CUST_04194,Spain,41,1456
CUST_04195,Spain,25,668
CUST_04196,Germany,49,220
CUST_04197,Germany,55,700
CUST_04198,France,39,872
CUST_04199,France,51,364
CUST_04200,Spain,36,1140
CUST_04201,Italy,69,608
CUST_04202,Germany,37,91
CUST_04203,Germany,31,416
CUST_04204,Belgium,50,1199
CUST_04205,Germany,27,182
CUST_04206,Netherlands,33,648
CUST_04207,Netherlands,21,727
CUST_04208,Netherlands,44,1402
CUST_04209,Germany,45,207
CUST_04210,Germany,60,876
CUST_04211,Germany,33,516
CUST_04212,Netherlands,69,1300
CUST_04213,Netherlands,50,1307
CUST_04214,Germany,65,529
CUST_04215,Spain,36,570
CUST_04216,Italy,38,1405
CUST_04217,Germany,39,42
CUST_04218,Netherlands,26,180
CUST_04219,Spain,26,1103
CUST_04220,France,26,1268
CUST_04221,France,44,1020
CUST_04222,Spain,34,673
CUST_04223,Italy,61,401
CUST_04224,Italy,62,1166
CUST_04225,Netherlands,25,281
CUST_04226,Spain,33,1394
CUST_04227,France,35,82
CUST_04228,Spain,50,1183
CUST_04229,Netherlands,18,222
CUST_04230,Germany,29,620
CUST_04231,Spain,23,1110
CUST_04232,Netherlands,58,126
CUST_04233,France,22,227
CUST_04234,Belgium,33,176
CUST_04235,Germany,35,1348
CUST_04236,France,66,752
CUST_04237,Germany,35,713
CUST_04238,Italy,18,1065
CUST_04239,Spain,36,362
CUST_04240,France,25,1273
CUST_04241,Spain,20,1451
CUST_04242,France,42,1395
CUST_04243,Italy,22,541
CUST_04244,Netherlands,57,201
CUST_04245,France,36,1219
CUST_04246,Belgium,35,1223
CUST_04247,France,67,593
CUST_04248,Germany,48,541
CUST_04249,Netherlands,50,1242
CUST_04250,Belgium,64,1173
CUST_04251,France,35,134
CUST_04252,Germany,56,703
CUST_04253,France,33,836
CUST_04254,Netherlands,33,1094
CUST_04255,Germany,64,918
CUST_04256,Spain,55,905
CUST_04257,Belgium,58,706
CUST_04258,Netherlands,24,350
CUST_04259,France,31,364
CUST_04260,France,60,1213
CUST_04261,Germany,65,293
CUST_04262,Italy,42,894
CUST_04263,France,49,381
CUST_04264,France,55,1263
CUST_04265,Spain,39,1435
CUST_04266,France,33,705
CUST_04267,Spain,69,948
CUST_04268,Germany,46,34
CUST_04269,Italy,33,63
CUST_04270,Belgium,29,1198
CUST_04271,Spain,34,380
CUST_04272,Belgium,54,612
CUST_04273,Germany,44,494
CUST_04274,Netherlands,42,377
CUST_04275,Spain,30,154
CUST_04276,Netherlands,25,1324
CUST_04277,France,22,386
CUST_04278,France,29,556
CUST_04279,Germany,58,527
CUST_04280,France,20,1206
CUST_04281,Germany,52,82
CUST_04282,Spain,50,178
CUST_04283,Germany,39,532
CUST_04284,Germany,67,899
CUST_04285,Netherlands,61,248
CUST_04286,Netherlands,26,1330
CUST_04287,Italy,58,481
CUST_04288,Netherlands,35,1481
CUST_04289,France,67,112
CUST_04290,Italy,46,1271
CUST_04291,Netherlands,56,767
CUST_04292,Germany,44,556
CUST_04293,Netherlands,53,433
CUST_04294,Belgium,62,319
CUST_04295,France,34,449
CUST_04296,France,51,368
CUST_04297,Germany,63,806
CUST_04298,Germany,20,740
CUST_04299,France,22,1016
CUST_04300,Netherlands,31,988
CUST_04301,Germany,20,1472
CUST_04302,Belgium,40,1260
CUST_04303,Italy,56,715
CUST_04304,Netherlands,47,1318
CUST_04305,Italy,67,1089
CUST_04306,Germany,62,402
CUST_04307,Netherlands,40,1312
CUST_04308,Spain,44,1023
CUST_04309,Italy,27,560
CUST_04310,Italy,42,953
CUST_04311,France,30,52
CUST_04312,Belgium,33,133
CUST_04313,Germany,58,270
CUST_04314,Italy,51,1034
CUST_04315,Belgium,54,932
CUST_04316,Germany,39,1306
CUST_04317,Spain,34,1195
CUST_04318,Germany,40,843
CUST_04319,France,53,684
CUST_04320,Netherlands,66,812
CUST_04321,Netherlands,26,336
CUST_04322,Belgium,69,37
CUST_04323,Spain,19,1122
CUST_04324,Netherlands,49,604
CUST_04325,Italy,67,1121
CUST_04326,Belgium,39,941
CUST_04327,Germany,60,1461
CUST_04328,Belgium,30,547
CUST_04329,Germany,25,1172
CUST_04330,Italy,18,1084
CUST_04331,France,34,512
CUST_04332,Germany,29,236
CUST_04333,France,21,698
CUST_04334,Spain,30,608
CUST_04335,France,48,416
CUST_04336,Germany,58,441
CUST_04337,Netherlands,24,1423
CUST_04338,Belgium,40,1406
CUST_04339,France,41,1389
CUST_04340,Germany,22,920
CUST_04341,France,22,935
CUST_04342,Germany,34,1342
CUST_04343,Italy,47,992
CUST_04344,Italy,26,994
CUST_04345,Netherlands,23,169
CUST_04346,France,42,329
CUST_04347,Italy,36,1066
CUST_04348,Netherlands,33,693
CUST_04349,Italy,38,1481
CUST_04350,Spain,19,854
CUST_04351,Italy,27,429
CUST_04352,Netherlands,33,1021
CUST_04353,France,54,1162
CUST_04354,Belgium,32,1409
CUST_04355,Netherlands,30,178
CUST_04356,Spain,30,336
CUST_04357,Germany,49,1113
CUST_04358,Spain,62,464
CUST_04359,Netherlands,64,50
CUST_04360,Germany,63,904
CUST_04361,Germany,25,411
CUST_04362,Spain,60,274
CUST_04363,Italy,35,1126
CUST_04364,Netherlands,53,1129
CUST_04365,Germany,43,727
CUST_04366,Spain,27,619
CUST_04367,Germany,48,419
CUST_04368,France,50,1395
CUST_04369,Germany,46,1343
CUST_04370,Germany,22,597
CUST_04371,Germany,30,1384
CUST_04372,France,18,288
CUST_04373,Germany,40,455
CUST_04374,France,57,1059
CUST_04375,Netherlands,20,35
CUST_04376,Netherlands,20,220
CUST_04377,France,24,177
CUST_04378,Italy,53,434
CUST_04379,Germany,52,287
CUST_04380,Netherlands,32,759
CUST_04381,Germany,57,119
CUST_04382,Germany,20,853
CUST_04383,Netherlands,46,39
CUST_04384,Netherlands,47,1140
CUST_04385,Italy,56,867
CUST_04386,Netherlands,35,1204
CUST_04387,Belgium,28,1017
CUST_04388,Germany,60,654
CUST_04389,Germany,66,59
CUST_04390,Germany,55,157
CUST_04391,Germany,57,1131
CUST_04392,Netherlands,18,450
CUST_04393,Spain,46,1108
CUST_04394,Germany,27,334
CUST_04395,Belgium,45,575
CUST_04396,Italy,48,1158
CUST_04397,France,36,1225
CUST_04398,Germany,20,51
CUST_04399,Germany,53,1340
CUST_04400,Germany,60,420
CUST_04401,Germany,32,646
CUST_04402,Netherlands,50,178
CUST_04403,Germany,58,1325
CUST_04404,France,60,328
CUST_04405,Belgium,68,201
CUST_04406,Spain,62,76
CUST_04407,Belgium,43,655
CUST_04408,Germany,33,236
CUST_04409,France,53,482
CUST_04410,Netherlands,50,1448
CUST_04411,Germany,37,954
CUST_04412,Germany,30,783
CUST_04413,Spain,50,1354
CUST_04414,Spain,22,737
CUST_04415,France,54,1038
CUST_04416,Netherlands,31,705
CUST_04417,France,44,1229
CUST_04418,Germany,40,884
CUST_04419,France,31,812
CUST_04420,Germany,57,1163
CUST_04421,Germany,21,713
CUST_04422,Belgium,56,992
CUST_04423,Netherlands,69,893
CUST_04424,Spain,36,1255
CUST_04425,France,64,197
CUST_04426,France,21,115
CUST_04427,Germany,47,878
CUST_04428,Germany,36,1104
CUST_04429,Germany,48,1165
CUST_04430,Italy,48,471
CUST_04431,Spain,26,300
CUST_04432,Netherlands,30,373
CUST_04433,Netherlands,31,1236
CUST_04434,Belgium,63,532
CUST_04435,Germany,27,1063
CUST_04436,France,65,523
CUST_04437,France,48,1287
CUST_04438,Italy,54,1351
CUST_04439,Belgium,40,273
CUST_04440,Germany,44,1404
CUST_04441,Italy,23,296
CUST_04442,Italy,43,922
CUST_04443,Germany,19,230
CUST_04444,France,62,268
CUST_04445,France,30,1387
CUST_04446,Belgium,68,944
CUST_04447,Germany,67,1468
CUST_04448,Italy,36,998
CUST_04449,France,18,513
CUST_04450,Spain,57,1490
CUST_04451,France,49,275
CUST_04452,Netherlands,39,1061
CUST_04453,Italy,65,181
CUST_04454,Italy,46,1445
CUST_04455,Italy,19,240
CUST_04456,Germany,57,396
CUST_04457,Spain,55,973
CUST_04458,Germany,65,115
CUST_04459,France,28,1108
CUST_04460,Netherlands,34,475
CUST_04461,France,68,649
CUST_04462,Netherlands,60,333
CUST_04463,Belgium,25,161
CUST_04464,Germany,39,1474
CUST_04465,Spain,21,933
CUST_04466,France,28,1438
CUST_04467,Germany,25,1017
CUST_04468,Germany,26,1251
CUST_04469,Belgium,43,76
CUST_04470,Italy,19,786
CUST_04471,Belgium,33,1256
CUST_04472,Belgium,48,1314
CUST_04473,Germany,23,719
CUST_04474,France,38,1077
CUST_04475,Spain,43,716
CUST_04476,Netherlands,36,815
CUST_04477,France,45,369
CUST_04478,France,25,441
CUST_04479,Netherlands,31,1314
CUST_04480,Netherlands,41,315
CUST_04481,Germany,65,1139
CUST_04482,Netherlands,61,879
CUST_04483,Netherlands,54,459
CUST_04484,Netherlands,43,60
CUST_04485,Germany,48,632
CUST_04486,Spain,68,469
CUST_04487,Germany,49,1014
CUST_04488,France,67,1402
CUST_04489,Italy,58,441
CUST_04490,Netherlands,19,557
CUST_04491,France,42,339
CUST_04492,Spain,69,978
CUST_04493,Netherlands,61,1449
CUST_04494,Italy,19,1391
CUST_04495,Spain,59,703
CUST_04496,Spain,18,466
CUST_04497,Netherlands,53,733
CUST_04498,Germany,29,692
CUST_04499,France,26,394
CUST_04500,France,53,952
CUST_04501,Netherlands,58,142
CUST_04502,Netherlands,45,205
CUST_04503,France,55,1202
CUST_04504,Germany,50,1231
CUST_04505,Netherlands,59,965
CUST_04506,France,63,411
CUST_04507,Spain,39,1276
CUST_04508,Germany,42,1312
CUST_04509,Netherlands,35,1242
CUST_04510,Belgium,23,335
CUST_04511,Germany,35,1431
CUST_04512,Netherlands,69,631
CUST_04513,Germany,33,372
CUST_04514,Spain,32,185
CUST_04515,Netherlands,65,741
CUST_04516,France,25,1108
CUST_04517,Netherlands,30,1495
CUST_04518,Italy,60,1253
CUST_04519,Germany,24,432
CUST_04520,Germany,34,643
CUST_04521,Italy,67,826
CUST_04522,Netherlands,49,652
CUST_04523,Italy,39,632
CUST_04524,Netherlands,68,206
CUST_04525,Italy,30,478
CUST_04526,France,64,772
CUST_04527,Spain,40,330
CUST_04528,Belgium,46,736
CUST_04529,Netherlands,39,336
CUST_04530,Germany,18,780
CUST_04531,France,46,898
CUST_04532,Germany,65,1320
CUST_04533,Germany,22,243
CUST_04534,France,52,512
CUST_04535,Netherlands,27,1315
CUST_04536,Netherlands,36,1120
CUST_04537,France,54,162
CUST_04538,Spain,24,541
CUST_04539,Germany,63,240
CUST_04540,Germany,52,1017
CUST_04541,Germany,62,1016
CUST_04542,Netherlands,30,746
CUST_04543,Germany,27,282
CUST_04544,France,19,67
CUST_04545,France,23,1096
CUST_04546,Italy,25,658
CUST_04547,Germany,53,1458
CUST_04548,Spain,42,1016
CUST_04549,Spain,61,75
CUST_04550,Italy,64,334
CUST_04551,Belgium,57,262
CUST_04552,Germany,24,274
CUST_04553,Germany,63,789
CUST_04554,Italy,40,1348
CUST_04555,Netherlands,36,868
CUST_04556,Netherlands,63,1436
CUST_04557,Spain,39,187
CUST_04558,Spain,30,1458
CUST_04559,Belgium,38,1054
CUST_04560,Belgium,18,246
CUST_04561,Spain,36,957
CUST_04562,France,50,536
CUST_04563,Italy,21,790
CUST_04564,Germany,59,933
CUST_04565,Germany,20,610
CUST_04566,Italy,44,1083
CUST_04567,France,69,656
CUST_04568,Germany,58,549
CUST_04569,Germany,52,304
CUST_04570,Italy,45,521
CUST_04571,Netherlands,23,856
CUST_04572,Spain,23,980
CUST_04573,Germany,61,955
CUST_04574,Italy,40,876
CUST_04575,Italy,50,1089
CUST_04576,France,33,1364
CUST_04577,France,41,1097
CUST_04578,Germany,22,1208
CUST_04579,Belgium,58,1130
CUST_04580,Spain,59,1491
CUST_04581,Belgium,30,1485
CUST_04582,France,64,68
CUST_04583,Italy,29,268
CUST_04584,Italy,22,1066
CUST_04585,Spain,54,151
CUST_04586,Belgium,48,173
CUST_04587,France,45,713
CUST_04588,Germany,45,484
CUST_04589,Spain,47,397
CUST_04590,Spain,35,788
CUST_04591,Netherlands,61,276
CUST_04592,Germany,44,952
CUST_04593,Netherlands,52,1098
CUST_04594,France,43,794
CUST_04595,France,56,404
CUST_04596,Spain,66,1344
CUST_04597,Spain,68,236
CUST_04598,Germany,35,548
CUST_04599,France,50,271
CUST_04600,France,42,1167
CUST_04601,Germany,48,848
CUST_04602,Italy,54,331
CUST_04603,Belgium,19,1329
CUST_04604,France,50,1149
CUST_04605,Italy,56,1347
CUST_04606,Italy,60,730
CUST_04607,Italy,60,1413
CUST_04608,Germany,49,317
CUST_04609,Belgium,35,183
CUST_04610,France,34,452
CUST_04611,France,51,879
CUST_04612,Germany,56,79
CUST_04613,Netherlands,24,1260
CUST_04614,Germany,59,593
CUST_04615,Germany,52,883
CUST_04616,France,47,912
CUST_04617,Italy,29,691
CUST_04618,Italy,52,594
CUST_04619,France,28,242
CUST_04620,Italy,61,1119
CUST_04621,Italy,21,1285
CUST_04622,Italy,42,840
CUST_04623,Germany,65,879
CUST_04624,Spain,49,1373
CUST_04625,Belgium,37,1190
CUST_04626,Spain,67,910
CUST_04627,France,48,1118
CUST_04628,Netherlands,21,1185
CUST_04629,Spain,55,363
CUST_04630,Netherlands,64,61
CUST_04631,Germany,18,897
CUST_04632,France,20,927
CUST_04633,Italy,54,1296
CUST_04634,Italy,39,1245
CUST_04635,Germany,34,1195
CUST_04636,Belgium,31,630
CUST_04637,France,58,1017
CUST_04638,Spain,52,1244
CUST_04639,Italy,30,1202
CUST_04640,Italy,52,628
CUST_04641,Belgium,60,1469
CUST_04642,France,19,549
CUST_04643,Italy,64,898
CUST_04644,Germany,30,45
CUST_04645,Spain,68,1159
CUST_04646,Spain,33,312
CUST_04647,Spain,35,1157
CUST_04648,France,24,390
CUST_04649,Italy,62,1088
CUST_04650,Germany,53,142
CUST_04651,Germany,58,337
CUST_04652,Spain,47,988
CUST_04653,Netherlands,59,1106
CUST_04654,Italy,58,1134
CUST_04655,France,24,863
CUST_04656,Germany,32,1422
CUST_04657,Italy,57,271
CUST_04658,Netherlands,36,60
CUST_04659,Germany,60,733
CUST_04660,Spain,54,898
CUST_04661,Netherlands,19,1414
CUST_04662,Spain,59,262
CUST_04663,Netherlands,65,1087
CUST_04664,Italy,30,1296
CUST_04665,Italy,57,980
CUST_04666,Spain,58,88
CUST_04667,Germany,60,800
CUST_04668,Italy,60,1131
CUST_04669,Spain,48,747
CUST_04670,Spain,33,331
CUST_04671,France,59,832
CUST_04672,Italy,61,926
CUST_04673,Spain,23,141
CUST_04674,Germany,45,1466
CUST_04675,France,49,346
CUST_04676,Italy,61,1198
CUST_04677,Germany,27,697
CUST_04678,Belgium,67,719
CUST_04679,Spain,35,47
CUST_04680,Spain,21,1404
CUST_04681,France,26,1208
CUST_04682,Germany,24,807
CUST_04683,Belgium,67,389
CUST_04684,France,25,361
CUST_04685,Italy,60,557
CUST_04686,France,24,41
CUST_04687,Germany,58,1128
CUST_04688,Germany,57,241
CUST_04689,Netherlands,20,670
CUST_04690,Belgium,34,312
CUST_04691,France,19,1248
CUST_04692,France,32,809
CUST_04693,France,63,1083
CUST_04694,Netherlands,46,1062
CUST_04695,France,67,1362
CUST_04696,Italy,65,1498
CUST_04697,Netherlands,69,1363
CUST_04698,Netherlands,39,706
CUST_04699,Germany,21,734
CUST_04700,Belgium,69,455
CUST_04701,Germany,23,620
CUST_04702,Germany,55,120
CUST_04703,Spain,43,485
CUST_04704,Netherlands,28,473
CUST_04705,France,43,108
CUST_04706,France,34,956
CUST_04707,Italy,41,132
CUST_04708,Germany,45,652
CUST_04709,Italy,52,1019
CUST_04710,Spain,48,1367
CUST_04711,France,30,1300
CUST_04712,Netherlands,52,263
CUST_04713,France,33,673
CUST_04714,Italy,32,1288
CUST_04715,Netherlands,60,819
CUST_04716,France,35,416
CUST_04717,Netherlands,64,876
CUST_04718,Belgium,54,67
CUST_04719,France,65,1214
CUST_04720,Belgium,65,1170
CUST_04721,France,66,270
CUST_04722,Germany,58,1079
CUST_04723,Germany,44,591
CUST_04724,France,52,835
CUST_04725,Germany,69,327
CUST_04726,Germany,62,834
CUST_04727,Belgium,52,183
CUST_04728,Italy,45,761
CUST_04729,Spain,56,497
CUST_04730,Germany,55,78
CUST_04731,Germany,26,75
CUST_04732,Germany,29,1338
CUST_04733,Spain,32,809
CUST_04734,Belgium,38,111
CUST_04735,France,69,1097
CUST_04736,Germany,52,984
CUST_04737,Netherlands,59,302
CUST_04738,France,50,423
CUST_04739,France,68,819
CUST_04740,Spain,36,624
CUST_04741,Spain,40,87
CUST_04742,Germany,30,594
CUST_04743,Germany,61,30
CUST_04744,Belgium,18,245
CUST_04745,Germany,68,1370
CUST_04746,Germany,46,1281
CUST_04747,Germany,41,795
CUST_04748,Germany,33,700
CUST_04749,France,42,1340
CUST_04750,Italy,40,540
CUST_04751,France,45,944
CUST_04752,France,64,124
CUST_04753,Spain,33,522
CUST_04754,Netherlands,60,794
CUST_04755,Italy,55,1051
CUST_04756,Italy,28,179
CUST_04757,Germany,20,1076
CUST_04758,Italy,32,785
CUST_04759,Netherlands,18,1268
CUST_04760,Belgium,24,428
CUST_04761,Netherlands,18,439
CUST_04762,Belgium,66,160
CUST_04763,Italy,49,884
CUST_04764,Germany,26,177
CUST_04765,Netherlands,46,410
CUST_04766,Belgium,43,1162
CUST_04767,Italy,40,581
CUST_04768,Germany,62,1174
CUST_04769,Spain,60,324
CUST_04770,France,46,1173
CUST_04771,Germany,69,485
CUST_04772,France,55,198
CUST_04773,Germany,50,739
CUST_04774,Italy,24,1196
CUST_04775,France,29,66
CUST_04776,Italy,48,1314
CUST_04777,Germany,49,260
CUST_04778,France,37,283
CUST_04779,Germany,68,358
CUST_04780,Germany,34,1350
CUST_04781,Germany,53,1009
CUST_04782,Germany,20,39
CUST_04783,Netherlands,18,475
CUST_04784,France,67,951
CUST_04785,France,44,865
CUST_04786,France,64,1283
CUST_04787,Italy,57,107
CUST_04788,Belgium,50,1478
CUST_04789,Netherlands,37,222
CUST_04790,France,31,430
CUST_04791,Germany,53,138
CUST_04792,Belgium,22,821
CUST_04793,Germany,40,292
CUST_04794,France,62,358
CUST_04795,France,32,392
CUST_04796,France,23,1431
CUST_04797,Germany,50,1394
CUST_04798,Italy,36,288
CUST_04799,Germany,30,1388
CUST_04800,Spain,46,114
CUST_04801,Germany,23,337
CUST_04802,Germany,32,291
CUST_04803,Belgium,33,826
CUST_04804,Germany,41,660
CUST_04805,Italy,40,709
CUST_04806,Netherlands,65,894
CUST_04807,Germany,27,1304
CUST_04808,Belgium,58,353
CUST_04809,Germany,58,954
CUST_04810,Italy,66,1282
CUST_04811,Germany,34,1350
CUST_04812,Italy,66,756
CUST_04813,Germany,61,1290
CUST_04814,Netherlands,62,1007
CUST_04815,Italy,47,246
CUST_04816,Belgium,61,1299
CUST_04817,Belgium,63,477
CUST_04818,Italy,27,348
CUST_04819,Italy,36,1023
CUST_04820,Germany,46,1485
CUST_04821,France,19,1457
CUST_04822,France,53,66
CUST_04823,France,36,760
CUST_04824,France,24,1395
CUST_04825,Netherlands,43,1040
CUST_04826,Germany,32,1442
CUST_04827,Spain,64,1087
CUST_04828,Germany,55,68
CUST_04829,France,20,238
CUST_04830,Netherlands,55,859
CUST_04831,Italy,33,885
CUST_04832,Spain,19,1205
CUST_04833,Spain,48,928
CUST_04834,Germany,45,1418
CUST_04835,Netherlands,24,1252
CUST_04836,Germany,47,630
CUST_04837,France,60,789
CUST_04838,France,24,1132
CUST_04839,Germany,53,463
CUST_04840,France,46,871
CUST_04841,Belgium,41,61
CUST_04842,Belgium,69,1140
CUST_04843,France,56,422
CUST_04844,Germany,21,1297
CUST_04845,Germany,46,1285
CUST_04846,France,61,939
CUST_04847,Belgium,22,221
CUST_04848,Germany,46,299
CUST_04849,Italy,47,767
CUST_04850,Germany,46,106
CUST_04851,Belgium,43,764
CUST_04852,France,36,913
CUST_04853,Italy,43,1220
CUST_04854,France,54,313
CUST_04855,Spain,44,1142
CUST_04856,Germany,47,573
CUST_04857,Germany,68,678
CUST_04858,Belgium,47,1209
CUST_04859,Belgium,20,279
CUST_04860,Italy,60,124
CUST_04861,Spain,24,46
CUST_04862,Italy,66,146
CUST_04863,Germany,26,1012
CUST_04864,France,58,362
CUST_04865,France,59,1133
CUST_04866,Spain,30,675
CUST_04867,France,32,1485
CUST_04868,Germany,22,1256
CUST_04869,Netherlands,46,145
CUST_04870,Italy,52,992
CUST_04871,France,44,1273
CUST_04872,Germany,44,1306
CUST_04873,Germany,25,1222
CUST_04874,Germany,49,876
CUST_04875,France,37,345
CUST_04876,Spain,27,839
CUST_04877,Spain,30,401
CUST_04878,Spain,46,789
CUST_04879,France,52,906
CUST_04880,Italy,25,1006
CUST_04881,Germany,46,185
CUST_04882,Netherlands,48,643
CUST_04883,Italy,58,1066
CUST_04884,Germany,47,537
CUST_04885,Germany,39,494
CUST_04886,Italy,38,812
CUST_04887,France,29,833
CUST_04888,Spain,28,249
CUST_04889,Germany,19,44
CUST_04890,Spain,67,146
CUST_04891,France,58,360
CUST_04892,Germany,19,85
CUST_04893,Spain,51,1404
CUST_04894,Germany,20,1185
CUST_04895,France,33,1279
CUST_04896,Germany,68,337
CUST_04897,Germany,21,251
CUST_04898,France,40,1226
CUST_04899,Germany,67,1393
CUST_04900,Belgium,37,826
CUST_04901,Germany,42,1210
CUST_04902,Netherlands,47,180
CUST_04903,Germany,35,1231
CUST_04904,France,59,141
CUST_04905,Belgium,28,712
CUST_04906,Germany,46,1191
CUST_04907,Belgium,34,1286
CUST_04908,Germany,43,361
CUST_04909,Spain,40,922
CUST_04910,Netherlands,69,1360
CUST_04911,Italy,65,190
CUST_04912,Netherlands,37,1455
CUST_04913,Netherlands,62,307
CUST_04914,Germany,19,1373
CUST_04915,Germany,41,926
CUST_04916,Belgium,48,526
CUST_04917,France,44,1416
CUST_04918,France,19,1425
CUST_04919,Italy,31,684
CUST_04920,France,21,1089
CUST_04921,Belgium,66,332
CUST_04922,Spain,30,467
CUST_04923,Netherlands,53,755
CUST_04924,Italy,52,1085
CUST_04925,Germany,61,215
CUST_04926,France,25,1227
CUST_04927,Netherlands,19,702
CUST_04928,Germany,23,1303
CUST_04929,Spain,48,1030
CUST_04930,Belgium,27,308
CUST_04931,France,61,712
CUST_04932,France,38,1055
CUST_04933,Belgium,59,1247
CUST_04934,France,27,1219
CUST_04935,Netherlands,40,1040
CUST_04936,France,20,954
CUST_04937,Belgium,49,1163
CUST_04938,Netherlands,37,409
CUST_04939,Italy,27,864
CUST_04940,Italy,46,1028
CUST_04941,France,58,314
CUST_04942,France,69,450
CUST_04943,Italy,68,142
CUST_04944,France,63,1047
CUST_04945,Italy,51,257
CUST_04946,Belgium,54,557
CUST_04947,Spain,37,525
CUST_04948,Spain,25,60
CUST_04949,Italy,24,191
CUST_04950,Italy,23,734
CUST_04951,France,28,751
CUST_04952,Germany,61,1431
CUST_04953,France,35,475
CUST_04954,Spain,68,773
CUST_04955,Netherlands,59,456
CUST_04956,Spain,46,533
CUST_04957,France,42,750
CUST_04958,Spain,38,713
CUST_04959,Germany,63,611
CUST_04960,Spain,20,1087
CUST_04961,Netherlands,35,765
CUST_04962,Germany,41,720
CUST_04963,France,64,787
CUST_04964,Spain,55,783
CUST_04965,Netherlands,27,1476
CUST_04966,Germany,44,53
CUST_04967,Belgium,29,1269
CUST_04968,Spain,24,84
CUST_04969,Belgium,34,1079
CUST_04970,France,18,1334
CUST_04971,Netherlands,67,833
CUST_04972,Italy,43,356
CUST_04973,Netherlands,32,999
CUST_04974,Spain,68,215
CUST_04975,France,50,524
CUST_04976,France,54,1065
CUST_04977,Germany,64,463
CUST_04978,Germany,48,237
CUST_04979,Germany,52,162
CUST_04980,Germany,18,1392
CUST_04981,Belgium,25,1249
CUST_04982,Germany,29,1315
CUST_04983,Spain,36,1335
CUST_04984,Italy,42,398
CUST_04985,Netherlands,49,1156
CUST_04986,Germany,29,1236
CUST_04987,Spain,30,452
CUST_04988,Spain,45,1062
CUST_04989,Spain,18,273
CUST_04990,Italy,68,811
CUST_04991,Belgium,23,653
CUST_04992,Netherlands,25,596
CUST_04993,France,21,1446
CUST_04994,Spain,22,556
CUST_04995,Germany,42,66
CUST_04996,Italy,39,207
CUST_04997,Germany,45,668
CUST_04998,France,56,881
CUST_04999,Italy,40,101
CUST_05000,Netherlands,21,381
